-- phpMyAdmin SQL Dump
-- version 4.2.12deb2+deb8u2
-- http://www.phpmyadmin.net
--
-- Хост: localhost
-- Время создания: Дек 05 2018 г., 16:07
-- Версия сервера: 5.5.60-0+deb8u1
-- Версия PHP: 5.6.33-0+deb8u1

SET SQL_MODE = "NO_AUTO_VALUE_ON_ZERO";
SET time_zone = "+00:00";


/*!40101 SET @OLD_CHARACTER_SET_CLIENT=@@CHARACTER_SET_CLIENT */;
/*!40101 SET @OLD_CHARACTER_SET_RESULTS=@@CHARACTER_SET_RESULTS */;
/*!40101 SET @OLD_COLLATION_CONNECTION=@@COLLATION_CONNECTION */;
/*!40101 SET NAMES utf8 */;

--
-- База данных: `counters`
--

-- --------------------------------------------------------

--
-- Структура таблицы `device`
--

CREATE TABLE IF NOT EXISTS `device` (
`id` int(11) NOT NULL,
  `name` varchar(20) DEFAULT NULL,
  `typeId` int(11) NOT NULL,
  `unitQ_id` int(11) NOT NULL,
  `serial` varchar(100) DEFAULT NULL,
  `lastRequestDate` int(11) DEFAULT NULL,
  `requestsCount` int(11) DEFAULT NULL,
  `ip` varchar(255) DEFAULT NULL,
  `num_port` int(11) DEFAULT NULL,
  `requestInterval` int(11) NOT NULL DEFAULT '24',
  `idObject` int(11) NOT NULL
) ENGINE=InnoDB AUTO_INCREMENT=3 DEFAULT CHARSET=utf8 AVG_ROW_LENGTH=130 ROW_FORMAT=DYNAMIC;

--
-- Дамп данных таблицы `device`
--

INSERT INTO `device` (`id`, `name`, `typeId`, `unitQ_id`, `serial`, `lastRequestDate`, `requestsCount`, `ip`, `num_port`, `requestInterval`, `idObject`) VALUES
(1, 'ЦТП "Спасский"', 2, 1, '00002128', 11, 1, '172.22.80.28', 4001, 1, 1),
(2, 'test', 2, 2, '232132', 1, 1, '10.178.26.11', 4108, 0, 1);

-- --------------------------------------------------------

--
-- Структура таблицы `qBox_data_common`
--

CREATE TABLE IF NOT EXISTS `qBox_data_common` (
`id` int(11) NOT NULL,
  `shedule_history_id` int(11) NOT NULL,
  `serial` varchar(255) NOT NULL,
  `unit_q` int(11) NOT NULL,
  `time_request` int(11) NOT NULL,
  `time_device` int(11) DEFAULT NULL,
  `time_on` int(11) DEFAULT NULL,
  `time_run_common` int(11) DEFAULT NULL,
  `inStore1` tinyint(1) NOT NULL DEFAULT '0',
  `inStore2` tinyint(1) NOT NULL DEFAULT '0',
  `inStore3` tinyint(1) NOT NULL DEFAULT '0'
) ENGINE=InnoDB AUTO_INCREMENT=83 DEFAULT CHARSET=utf8 AVG_ROW_LENGTH=68 ROW_FORMAT=DYNAMIC;

--
-- Дамп данных таблицы `qBox_data_common`
--

INSERT INTO `qBox_data_common` (`id`, `shedule_history_id`, `serial`, `unit_q`, `time_request`, `time_device`, `time_on`, `time_run_common`, `inStore1`, `inStore2`, `inStore3`) VALUES
(5, 107, '11111', 1, 1528706940, 1526115100, 25209554, 24694812, 0, 0, 0),
(6, 107, '11111', 1, 1528706940, 1526115100, 25209554, 24694812, 0, 0, 0),
(7, 107, '11111', 1, 1542808625, 1542808625, 14509449, 14509449, 0, 0, 0),
(8, 108, '11111', 1, 1542975004, 1542975004, 14509449, 14509449, 0, 0, 0),
(9, 109, '11111', 1, 1543338664, 1543338664, 14509449, 14509449, 0, 0, 0),
(10, 110, '11111', 1, 1543379827, 1543379827, 14509449, 14509449, 0, 0, 0),
(11, 112, '11111', 1, 1543381328, 1543381328, 14509449, 14509449, 0, 0, 0),
(12, 111, '11111', 1, 1543381328, 1543381328, 14509449, 14509449, 0, 0, 0),
(13, 113, '11111', 1, 1543384863, 1543384863, 14509449, 14509449, 0, 0, 0),
(16, 115, '11111', 1, 1543395852, 1543395852, 14509449, 14509449, 0, 0, 0),
(17, 114, '11111', 1, 1543395852, 1543395852, 14509449, 14509449, 0, 0, 0),
(18, 114, '11111', 1, 1543395858, 1543395858, 14509449, 14509449, 0, 0, 0),
(19, 115, '11111', 1, 1543395859, 1543395859, 14509449, 14509449, 0, 0, 0),
(20, 116, '11111', 1, 1543399263, 1543399263, 14509449, 14509449, 0, 0, 0),
(21, 117, '11111', 1, 1543402863, 1543402863, 14509449, 14509449, 0, 0, 0),
(22, 119, '11111', 1, 1543410065, 1543410065, 14509449, 14509449, 0, 0, 0),
(23, 118, '11111', 1, 1543410066, 1543410066, 14509449, 14509449, 0, 0, 0),
(24, 120, '11111', 1, 1543428063, 1543428063, 14509449, 14509449, 0, 0, 0),
(25, 121, '11111', 1, 1543478584, 1543478584, 14509449, 14509449, 0, 0, 0),
(26, 122, '11111', 1, 1543482366, 1543482366, 14509449, 14509449, 0, 0, 0),
(27, 123, '11111', 1, 1543491063, 1543491063, 14509449, 14509449, 0, 0, 0),
(28, 124, '11111', 1, 1543495203, 1543495203, 14509449, 14509449, 0, 0, 0),
(29, 125, '11111', 1, 1543496465, 1543496465, 14509449, 14509449, 0, 0, 0),
(30, 126, '11111', 1, 1543496466, 1543496466, 14509449, 14509449, 0, 0, 0),
(31, 128, '11111', 1, 1543561266, 1543561266, 14509449, 14509449, 0, 0, 0),
(32, 127, '11111', 1, 1543561266, 1543561266, 14509449, 14509449, 0, 0, 0),
(33, 129, '11111', 1, 1543564863, 1543564863, 14509449, 14509449, 0, 0, 0),
(34, 130, '11111', 1, 1543579266, 1543579266, 14509449, 14509449, 0, 0, 0),
(35, 131, '11111', 1, 1543579266, 1543579266, 14509449, 14509449, 0, 0, 0),
(36, 132, '11111', 1, 1543827665, 1543827665, 14509449, 14509449, 0, 0, 0),
(37, 133, '11111', 1, 1543827665, 1543827665, 14509449, 14509449, 0, 0, 0),
(38, 134, '11111', 1, 1543831263, 1543831263, 14509449, 14509449, 0, 0, 0),
(39, 135, '11111', 1, 1543834863, 1543834863, 14509449, 14509449, 0, 0, 0),
(40, 136, '11111', 1, 1543838464, 1543838464, 14509449, 14509449, 0, 0, 0),
(41, 137, '11111', 1, 1543842064, 1543842064, 14509449, 14509449, 0, 0, 0),
(42, 138, '11111', 1, 1543845668, 1543845668, 14509449, 14509449, 0, 0, 0),
(43, 139, '11111', 1, 1543849263, 1543849263, 14509449, 14509449, 0, 0, 0),
(44, 140, '11111', 1, 1543852863, 1543852863, 14509449, 14509449, 0, 0, 0),
(45, 141, '11111', 1, 1543856462, 1543856462, 14509449, 14509449, 0, 0, 0),
(46, 142, '11111', 1, 1543860063, 1543860063, 14509449, 14509449, 0, 0, 0),
(47, 143, '11111', 1, 1543863663, 1543863663, 14509449, 14509449, 0, 0, 0),
(48, 144, '11111', 1, 1543867263, 1543867263, 14509449, 14509449, 0, 0, 0),
(49, 145, '11111', 1, 1543870862, 1543870862, 14509449, 14509449, 0, 0, 0),
(50, 146, '11111', 1, 1543874462, 1543874462, 14509449, 14509449, 0, 0, 0),
(51, 147, '11111', 1, 1543878063, 1543878063, 14509449, 14509449, 0, 0, 0),
(52, 148, '11111', 1, 1543881663, 1543881663, 14509449, 14509449, 0, 0, 0),
(53, 149, '11111', 1, 1543885263, 1543885263, 14509449, 14509449, 0, 0, 0),
(54, 150, '11111', 1, 1543888863, 1543888863, 14509449, 14509449, 0, 0, 0),
(55, 151, '11111', 1, 1543892463, 1543892463, 14509449, 14509449, 0, 0, 0),
(56, 152, '11111', 1, 1543896063, 1543896063, 14509449, 14509449, 0, 0, 0),
(57, 153, '11111', 1, 1543899663, 1543899663, 14509449, 14509449, 0, 0, 0),
(58, 154, '11111', 1, 1543903263, 1543903263, 14509449, 14509449, 0, 0, 0),
(59, 155, '11111', 1, 1543906864, 1543906864, 14509449, 14509449, 0, 0, 0),
(60, 156, '11111', 1, 1543910463, 1543910463, 14509449, 14509449, 0, 0, 0),
(61, 157, '11111', 1, 1543914064, 1543914064, 14509449, 14509449, 0, 0, 0),
(62, 158, '11111', 1, 1543917664, 1543917664, 14509449, 14509449, 0, 0, 0),
(63, 159, '11111', 1, 1543921324, 1543921324, 14509449, 14509449, 0, 0, 0),
(64, 160, '11111', 1, 1543924863, 1543924863, 14509449, 14509449, 0, 0, 0),
(65, 161, '11111', 1, 1543928470, 1543928470, 14509449, 14509449, 0, 0, 0),
(66, 162, '11111', 1, 1543932063, 1543932063, 14509449, 14509449, 0, 0, 0),
(67, 163, '11111', 1, 1543935663, 1543935663, 14509449, 14509449, 0, 0, 0),
(68, 164, '11111', 1, 1543939263, 1543939263, 14509449, 14509449, 0, 0, 0),
(69, 165, '11111', 1, 1543942863, 1543942863, 14509449, 14509449, 0, 0, 0),
(70, 166, '11111', 1, 1543946463, 1543946463, 14509449, 14509449, 0, 0, 0),
(71, 167, '11111', 1, 1543950063, 1543950063, 14509449, 14509449, 0, 0, 0),
(72, 168, '11111', 1, 1543953663, 1543953663, 14509449, 14509449, 0, 0, 0),
(73, 169, '11111', 1, 1543957263, 1543957263, 14509449, 14509449, 0, 0, 0),
(74, 170, '11111', 1, 1543960863, 1543960863, 14509449, 14509449, 0, 0, 0),
(75, 171, '11111', 1, 1543964463, 1543964463, 14509449, 14509449, 0, 0, 0),
(76, 172, '11111', 1, 1543968063, 1543968063, 14509449, 14509449, 0, 0, 0),
(77, 173, '11111', 1, 1543971663, 1543971663, 14509449, 14509449, 0, 0, 0),
(78, 174, '11111', 1, 1543975263, 1543975263, 14509449, 14509449, 0, 0, 0),
(79, 175, '11111', 1, 1543978863, 1543978863, 14509449, 14509449, 0, 0, 0),
(80, 176, '11111', 1, 1543982463, 1543982463, 14509449, 14509449, 0, 0, 0),
(81, 177, '11111', 1, 1543996865, 1543996865, 14509449, 14509449, 0, 0, 0),
(82, 178, '11111', 1, 1544000463, 1544000463, 14509449, 14509449, 0, 0, 0);

-- --------------------------------------------------------

--
-- Структура таблицы `qBox_data_system`
--

CREATE TABLE IF NOT EXISTS `qBox_data_system` (
`id` int(11) NOT NULL,
  `qBox_data_common_id` int(11) NOT NULL,
  `number` int(11) NOT NULL,
  `time_run_sys` int(11) DEFAULT NULL,
  `sigma_q` double DEFAULT NULL,
  `q1` double DEFAULT NULL,
  `q2` double DEFAULT NULL,
  `q3` double DEFAULT NULL,
  `v1` double DEFAULT NULL,
  `v2` double DEFAULT NULL,
  `m1` double DEFAULT NULL,
  `m2` double DEFAULT NULL,
  `gm1` float DEFAULT NULL,
  `gm2` float DEFAULT NULL,
  `gv1` float DEFAULT NULL,
  `gv2` float DEFAULT NULL,
  `t1` float DEFAULT NULL,
  `t2` float DEFAULT NULL,
  `t3` float DEFAULT NULL,
  `p1` float DEFAULT NULL,
  `p2` float DEFAULT NULL,
  `p3` float DEFAULT NULL
) ENGINE=InnoDB AUTO_INCREMENT=165 DEFAULT CHARSET=utf8 AVG_ROW_LENGTH=214 ROW_FORMAT=DYNAMIC;

--
-- Дамп данных таблицы `qBox_data_system`
--

INSERT INTO `qBox_data_system` (`id`, `qBox_data_common_id`, `number`, `time_run_sys`, `sigma_q`, `q1`, `q2`, `q3`, `v1`, `v2`, `m1`, `m2`, `gm1`, `gm2`, `gv1`, `gv2`, `t1`, `t2`, `t3`, `p1`, `p2`, `p3`) VALUES
(9, 5, 0, 23694812, 0, 5975.393384486145, 2393.682337146573, 0, 106238.4433110696, 99951.62238344779, 0, 0, 20.5433, 13.2224, 11.8299, 11.5255, 77.6098, 49.7311, 10, 1.23, 1.13, 0),
(10, 5, 0, 23694812, 0, 15982.027838622573, 12394.253172290719, 10, 1106240.366672389, 199952.88946198928, 10, 10, 22.4667, 14.4895, 11.8299, 11.5255, 71.0451, 42.1416, 10, 1.23, 1.13, 0),
(11, 6, 0, 23694812, 0, 5977.718915498493, 2392.617638072039, 0, 106242.20144057559, 99953.1207705854, 0, 0, 24.3014, 14.7208, 11.8299, 11.5255, 62.2998, 78.1849, 10, 1.23, 1.13, 0),
(12, 6, 0, 23694812, 0, 15977.148014750052, 12396.15487176755, 10, 1106232.9511741912, 199950.36460035187, 10, 10, 15.0512, 11.9646, 11.8299, 11.5255, 57.3936, 88.8413, 10, 1.23, 1.13, 0),
(13, 7, 0, 23694812, 0, 5978.098444791915, 2391.4332758580786, 0, 106236.50090770195, 99950.42462164637, 0, 0, 18.6009, 12.0246, 11.8299, 11.5255, 75.3735, 51.9037, 10, 1.23, 1.13, 0),
(14, 7, 0, 23694812, 0, 15982.57867245254, 12396.871343245015, 10, 1106229.738417418, 199948.73164313796, 10, 10, 11.8384, 10.3316, 11.8299, 11.5255, 73.6972, 57.4391, 10, 1.23, 1.13, 0),
(15, 8, 0, 23694812, 0, 5977.942423161092, 2392.373980529954, 0, 106236.94923878934, 99949.6344689649, 0, 0, 19.0492, 11.2345, 11.8299, 11.5255, 63.6362, 57.0386, 10, 1.23, 1.13, 0),
(16, 8, 0, 23694812, 0, 15975.511737276973, 12397.725635572675, 10, 1106238.3234764894, 199956.53801737246, 10, 10, 20.4235, 18.138, 11.8299, 11.5255, 82.216, 43.546, 10, 1.23, 1.13, 0),
(17, 9, 0, 23694812, 0, 5973.659523312335, 2391.077201315027, 0, 106237.3117841445, 99949.60911582016, 0, 0, 19.4118, 11.2091, 11.8299, 11.5255, 83.0786, 38.5241, 10, 1.23, 1.13, 0),
(18, 9, 0, 23694812, 0, 15976.637253493966, 12392.187829096403, 10, 1106241.7953015703, 199953.0572149549, 10, 10, 23.8953, 14.6572, 11.8299, 11.5255, 72.7839, 83.1574, 10, 1.23, 1.13, 0),
(19, 10, 0, 23694812, 0, 5978.775574236094, 2394.3723276223595, 0, 106238.91565458929, 99953.40449280216, 0, 0, 21.0157, 15.0045, 11.8299, 11.5255, 34.1242, 81.0729, 10, 1.23, 1.13, 0),
(20, 10, 0, 23694812, 0, 15978.188040906103, 12394.805252683233, 10, 1106242.1851921342, 199952.95596460742, 10, 10, 24.2852, 14.556, 11.8299, 11.5255, 33.367, 77.1398, 10, 1.23, 1.13, 0),
(21, 11, 0, 23694812, 0, 5980.030469730909, 2391.4697442705665, 0, 106233.45427698274, 99951.35937378343, 0, 0, 15.5543, 12.9594, 11.8299, 11.5255, 66.424, 58.7848, 10, 1.23, 1.13, 0),
(22, 11, 0, 23694812, 0, 15973.157588433858, 12399.330638843861, 10, 1106242.78572919, 199957.2668436818, 10, 10, 24.8857, 18.8668, 11.8299, 11.5255, 81.8022, 79.5263, 10, 1.23, 1.13, 0),
(23, 12, 0, 23694812, 0, 5974.639543759089, 2397.454683609108, 0, 106241.26337749811, 99953.56336504013, 0, 0, 23.3634, 15.1634, 11.8299, 11.5255, 89.6623, 42.9265, 10, 1.23, 1.13, 0),
(24, 12, 0, 23694812, 0, 15975.864387403482, 12391.474940371027, 10, 1106240.5796196596, 199961.06060013795, 10, 10, 22.6796, 22.6606, 11.8299, 11.5255, 67.2645, 85.9176, 10, 1.23, 1.13, 0),
(25, 13, 0, 23694812, 0, 5982.197412218049, 2398.4533354344976, 0, 106238.10148622662, 99956.5301526076, 0, 0, 20.2015, 18.1302, 11.8299, 11.5255, 51.4699, 61.4695, 10, 1.23, 1.13, 0),
(26, 13, 0, 23694812, 0, 15982.712190293529, 12396.758055439952, 10, 1106238.0038526715, 199953.29526676438, 10, 10, 20.1039, 14.8953, 11.8299, 11.5255, 60.4951, 84.7879, 10, 1.23, 1.13, 0),
(30, 16, 0, 23694812, 0, 5978.666093953681, 2390.1225670082736, 0, 106241.30554641796, 99959.94712976684, 0, 0, 23.4055, 21.5471, 11.8299, 11.5255, 44.6126, 57.8113, 10, 1.23, 1.13, 0),
(32, 16, 0, 23694812, 0, 15977.894676009533, 12394.976465914653, 10, 1106229.6824127242, 199949.1962804315, 10, 10, 11.7824, 10.7963, 11.8299, 11.5255, 38.5685, 88.0272, 10, 1.23, 1.13, 0),
(33, 17, 0, 23694812, 0, 5977.824143287756, 2397.5760443656113, 0, 106238.32102231738, 99949.06012681682, 0, 0, 20.421, 10.6601, 11.8299, 11.5255, 52.387, 50.9669, 10, 1.23, 1.13, 0),
(34, 17, 0, 23694812, 0, 15977.869570382018, 12399.877183668923, 10, 1106242.0500821439, 199950.23247523652, 10, 10, 24.1501, 11.8325, 11.8299, 11.5255, 57.9324, 41.1416, 10, 1.23, 1.13, 0),
(35, 18, 0, 23694812, 0, 5977.811771275288, 2392.4009957718126, 0, 106231.02736996829, 99948.5241486696, 0, 0, 13.1274, 10.1241, 11.8299, 11.5255, 48.5997, 58.923, 10, 1.23, 1.13, 0),
(36, 18, 0, 23694812, 0, 15975.899672327418, 12395.285663750836, 10, 1106239.0173775726, 199953.00441349225, 10, 10, 21.1174, 14.6044, 11.8299, 11.5255, 64.3926, 71.0538, 10, 1.23, 1.13, 0),
(37, 19, 0, 23694812, 0, 5976.215775434325, 2392.8764788519143, 0, 106235.0842302766, 99949.53681390182, 0, 0, 17.1842, 11.1368, 11.8299, 11.5255, 72.5847, 36.286, 10, 1.23, 1.13, 0),
(38, 19, 0, 23694812, 0, 15976.591556809713, 12398.192281300097, 10, 1106242.7393913756, 199954.83934790423, 10, 10, 24.8394, 16.4393, 11.8299, 11.5255, 62.5308, 79.882, 10, 1.23, 1.13, 0),
(39, 20, 0, 23694812, 0, 5978.318123635481, 2393.1831975553187, 0, 106237.05448504722, 99951.60199841762, 0, 0, 19.1545, 13.202, 11.8299, 11.5255, 74.2872, 56.12, 10, 1.23, 1.13, 0),
(40, 20, 0, 23694812, 0, 15975.91030640648, 12390.11500832269, 10, 1106239.4758167297, 199956.13597719124, 10, 10, 21.5758, 17.736, 11.8299, 11.5255, 62.1584, 43.7962, 10, 1.23, 1.13, 0),
(41, 21, 0, 23694812, 0, 5978.974418535793, 2393.7127539173957, 0, 106236.63643354477, 99955.98694333975, 0, 0, 18.7364, 17.5869, 11.8299, 11.5255, 34.6693, 78.8492, 10, 1.23, 1.13, 0),
(42, 21, 0, 23694812, 0, 15982.866368911507, 12395.929097073911, 10, 1106239.8536216363, 199952.84575540654, 10, 10, 21.9536, 14.4458, 11.8299, 11.5255, 82.1042, 35.4602, 10, 1.23, 1.13, 0),
(43, 22, 0, 23694812, 0, 5979.267574091835, 2395.1740154000486, 0, 106237.28948572469, 99950.46786291347, 0, 0, 19.3895, 12.0679, 11.8299, 11.5255, 88.5435, 58.1425, 10, 1.23, 1.13, 0),
(44, 22, 0, 23694812, 0, 15976.133216952749, 12398.916966456394, 10, 1106234.9179969062, 199949.15193438015, 10, 10, 17.018, 10.7519, 11.8299, 11.5255, 30.9849, 88.9184, 10, 1.23, 1.13, 0),
(45, 23, 0, 23694812, 0, 5975.007989060247, 2392.1285019914485, 0, 106236.04586188588, 99950.74637077595, 0, 0, 18.1459, 12.3464, 11.8299, 11.5255, 67.7793, 51.1696, 10, 1.23, 1.13, 0),
(46, 23, 0, 23694812, 0, 15975.884116781683, 12392.331330556759, 10, 1106237.5522129224, 199950.3573150517, 10, 10, 19.6522, 11.9573, 11.8299, 11.5255, 86.9048, 39.5921, 10, 1.23, 1.13, 0),
(47, 24, 0, 23694812, 0, 5980.30555535948, 2392.155442775904, 0, 106238.5743965808, 99953.02952383684, 0, 0, 20.6744, 14.6295, 11.8299, 11.5255, 75.4328, 35.7973, 10, 1.23, 1.13, 0),
(48, 24, 0, 23694812, 0, 15974.621227870144, 12394.12236142866, 10, 1106239.5646463768, 199953.86003983894, 10, 10, 21.6646, 15.46, 11.8299, 11.5255, 49.7473, 38.2611, 10, 1.23, 1.13, 0),
(49, 25, 0, 23694812, 0, 5978.778422453996, 2393.6769306564483, 0, 106237.4639645671, 99956.31010979172, 0, 0, 19.564, 17.9101, 11.8299, 11.5255, 70.4288, 53.776, 10, 1.23, 1.13, 0),
(50, 25, 0, 23694812, 0, 15978.651136758304, 12396.942854953164, 10, 1106237.492808471, 199953.1339636865, 10, 10, 19.5928, 14.734, 11.8299, 11.5255, 74.8692, 45.1892, 10, 1.23, 1.13, 0),
(51, 26, 0, 23694812, 0, 5982.0386818925535, 2398.823698003249, 0, 106230.34697892914, 99949.40100488065, 0, 0, 12.447, 11.001, 11.8299, 11.5255, 39.5067, 49.6981, 10, 1.23, 1.13, 0),
(52, 26, 0, 23694812, 0, 15974.030809482816, 12395.945660115587, 10, 1106238.712735547, 199952.1217703121, 10, 10, 20.8127, 13.7218, 11.8299, 11.5255, 71.9536, 66.1629, 10, 1.23, 1.13, 0),
(53, 27, 0, 23694812, 0, 5978.217840062634, 2394.6738411830206, 0, 106233.69275621098, 99950.11057925546, 0, 0, 15.7928, 11.7106, 11.8299, 11.5255, 43.5813, 78.7962, 10, 1.23, 1.13, 0),
(54, 27, 0, 23694812, 0, 15973.395458103412, 12392.420165096195, 10, 1106240.8012666267, 199954.15229654568, 10, 10, 22.9013, 15.7523, 11.8299, 11.5255, 57.1204, 55.0399, 10, 1.23, 1.13, 0),
(55, 28, 0, 23694812, 0, 5980.518453522508, 2390.3759611422815, 0, 106236.26879251021, 99949.21127590512, 0, 0, 18.3688, 10.8113, 11.8299, 11.5255, 78.6881, 37.1361, 10, 1.23, 1.13, 0),
(56, 28, 0, 23694812, 0, 15982.819719060166, 12393.61306662811, 10, 1106233.5156580082, 199951.91697001745, 10, 10, 15.6157, 13.517, 11.8299, 11.5255, 69.482, 52.0338, 10, 1.23, 1.13, 0),
(57, 29, 0, 23694812, 0, 5980.710301825774, 2395.275704687883, 0, 106239.90542906418, 99954.44254993106, 0, 0, 22.0054, 16.0425, 11.8299, 11.5255, 69.4613, 51.1377, 10, 1.23, 1.13, 0),
(58, 29, 0, 23694812, 0, 15976.420843571363, 12392.08472694294, 10, 1106237.6757143997, 199952.92935886272, 10, 10, 19.7757, 14.5294, 11.8299, 11.5255, 86.3567, 56.3842, 10, 1.23, 1.13, 0),
(59, 30, 0, 23694812, 0, 5982.015307589624, 2399.487487222386, 0, 106239.92494044153, 99954.604116458, 0, 0, 22.0249, 16.2041, 11.8299, 11.5255, 39.9527, 88.2298, 10, 1.23, 1.13, 0),
(60, 30, 0, 23694812, 0, 15978.82167087314, 12390.86495648771, 10, 1106242.1496286418, 199958.72950662425, 10, 10, 24.2496, 20.3295, 11.8299, 11.5255, 34.1412, 62.013, 10, 1.23, 1.13, 0),
(61, 31, 0, 23694812, 0, 5974.724503390291, 2392.8095208809295, 0, 106233.69686561917, 99953.37699266829, 0, 0, 15.7969, 14.977, 11.8299, 11.5255, 89.4159, 77.2828, 10, 1.23, 1.13, 0),
(62, 31, 0, 23694812, 0, 15982.319044914844, 12398.861952308987, 10, 1106241.7938052572, 199961.7634627292, 10, 10, 23.8938, 23.3635, 11.8299, 11.5255, 40.9808, 87.1737, 10, 1.23, 1.13, 0),
(63, 32, 0, 23694812, 0, 5975.562389341953, 2395.3955075363624, 0, 106242.41206106631, 99960.10866634325, 0, 0, 24.5121, 21.7087, 11.8299, 11.5255, 72.5577, 67.9046, 10, 1.23, 1.13, 0),
(64, 32, 0, 23694812, 0, 15977.550471955452, 12390.068397198665, 10, 1106242.039813877, 199954.86901064077, 10, 10, 24.1398, 16.469, 11.8299, 11.5255, 39.9138, 53.8355, 10, 1.23, 1.13, 0),
(65, 33, 0, 23694812, 0, 5973.9259128632775, 2394.114391197921, 0, 106236.77249899381, 99951.30088266938, 0, 0, 18.8725, 12.9009, 11.8299, 11.5255, 84.1163, 54.1557, 10, 1.23, 1.13, 0),
(66, 33, 0, 23694812, 0, 15978.719521757574, 12390.88725956962, 10, 1106241.344584598, 199960.8671270712, 10, 10, 23.4446, 22.4671, 11.8299, 11.5255, 81.1796, 86.3458, 10, 1.23, 1.13, 0),
(67, 34, 0, 23694812, 0, 5979.459734703705, 2392.937416776838, 0, 106242.28349095865, 99951.88660907427, 0, 0, 24.3835, 13.4866, 11.8299, 11.5255, 71.5719, 58.8821, 10, 1.23, 1.13, 0),
(68, 34, 0, 23694812, 0, 15980.11901299628, 12393.390386523235, 10, 1106238.7221522818, 199950.3285160652, 10, 10, 20.8222, 11.9285, 11.8299, 11.5255, 44.417, 85.9164, 10, 1.23, 1.13, 0),
(69, 35, 0, 23694812, 0, 5977.385544475638, 2392.0052484801804, 0, 106234.43273603304, 99949.68854046891, 0, 0, 16.5327, 11.2885, 11.8299, 11.5255, 35.8021, 86.7292, 10, 1.23, 1.13, 0),
(70, 35, 0, 23694812, 0, 15979.458222501466, 12391.886411101304, 10, 1106241.1382884514, 199957.82919206814, 10, 10, 23.2383, 19.4292, 11.8299, 11.5255, 35.8671, 80.6472, 10, 1.23, 1.13, 0),
(71, 36, 0, 23694812, 0, 5982.258606762982, 2392.4034736122217, 0, 106238.55090112521, 99954.0097146493, 0, 0, 20.6509, 15.6097, 11.8299, 11.5255, 62.7416, 68.8142, 10, 1.23, 1.13, 0),
(72, 36, 0, 23694812, 0, 15976.79204240779, 12391.80478222633, 10, 1106233.643699422, 199949.74229789796, 10, 10, 15.7437, 11.3423, 11.8299, 11.5255, 76.4328, 48.876, 10, 1.23, 1.13, 0),
(73, 37, 0, 23694812, 0, 5978.025306831615, 2398.489209879943, 0, 106239.98345877144, 99956.02090164096, 0, 0, 22.0835, 17.6209, 11.8299, 11.5255, 60.2704, 42.1522, 10, 1.23, 1.13, 0),
(74, 37, 0, 23694812, 0, 15982.776002277666, 12398.199890047998, 10, 1106242.0066489703, 199949.79798404814, 10, 10, 24.1066, 11.398, 11.8299, 11.5255, 58.2416, 66.2569, 10, 1.23, 1.13, 0),
(75, 38, 0, 23694812, 0, 5981.02534156017, 2397.6060709306057, 0, 106241.9779693719, 99959.04974474473, 0, 0, 24.078, 20.6497, 11.8299, 11.5255, 54.3613, 38.7991, 10, 1.23, 1.13, 0),
(76, 38, 0, 23694812, 0, 15974.884759564318, 12393.979194466028, 10, 1106241.6664699393, 199955.80218978433, 10, 10, 23.7665, 17.4022, 11.8299, 11.5255, 48.9613, 71.3072, 10, 1.23, 1.13, 0),
(77, 39, 0, 23694812, 0, 5974.858778220328, 2390.816153503757, 0, 106240.35687423678, 99951.39748006004, 0, 0, 22.4569, 12.9975, 11.8299, 11.5255, 46.5536, 46.9754, 10, 1.23, 1.13, 0),
(78, 39, 0, 23694812, 0, 15982.711478879599, 12394.486526983683, 10, 1106239.8095828805, 199955.54069101473, 10, 10, 21.9096, 17.1407, 11.8299, 11.5255, 77.4548, 87.2572, 10, 1.23, 1.13, 0),
(79, 40, 0, 23694812, 0, 5982.82785281529, 2391.4187599776365, 0, 106242.03906619473, 99951.99457679616, 0, 0, 24.1391, 13.5946, 11.8299, 11.5255, 58.198, 81.3483, 10, 1.23, 1.13, 0),
(80, 40, 0, 23694812, 0, 15976.241800698594, 12392.240387427262, 10, 1106240.8790723146, 199951.91105659932, 10, 10, 22.9791, 13.5111, 11.8299, 11.5255, 79.3476, 75.5503, 10, 1.23, 1.13, 0),
(81, 41, 0, 23694812, 0, 5977.685403320006, 2394.166684454734, 0, 106233.77900406657, 99948.48790158055, 0, 0, 15.879, 10.0879, 11.8299, 11.5255, 84.0308, 81.9887, 10, 1.23, 1.13, 0),
(82, 41, 0, 23694812, 0, 15975.460768938585, 12393.2603817245, 10, 1106235.3790145325, 199953.2877986946, 10, 10, 17.479, 14.8878, 11.8299, 11.5255, 64.6064, 53.5944, 10, 1.23, 1.13, 0),
(83, 42, 0, 23694812, 0, 5977.612598967166, 2399.071581717533, 0, 106233.9776696579, 99952.8510073051, 0, 0, 16.0777, 14.451, 11.8299, 11.5255, 49.0967, 39.4525, 10, 1.23, 1.13, 0),
(84, 42, 0, 23694812, 0, 15982.03211338154, 12394.708279156315, 10, 1106233.0639473614, 199948.99646021728, 10, 10, 15.1639, 10.5965, 11.8299, 11.5255, 50.3786, 74.2906, 10, 1.23, 1.13, 0),
(85, 43, 0, 23694812, 0, 5980.5908071339, 2393.515017163924, 0, 106234.67423510869, 99952.77911147081, 0, 0, 16.7742, 14.3791, 11.8299, 11.5255, 48.7624, 72.7503, 10, 1.23, 1.13, 0),
(86, 43, 0, 23694812, 0, 15977.553615758181, 12394.675016194296, 10, 1106238.6871147184, 199954.52689593408, 10, 10, 20.7871, 16.1269, 11.8299, 11.5255, 84.2714, 42.0012, 10, 1.23, 1.13, 0),
(87, 44, 0, 23694812, 0, 5975.206271924316, 2390.425136003594, 0, 106241.86185080334, 99951.16791098352, 0, 0, 23.9619, 12.7679, 11.8299, 11.5255, 61.2465, 73.2689, 10, 1.23, 1.13, 0),
(88, 44, 0, 23694812, 0, 15977.030104378011, 12399.46230564384, 10, 1106239.1821647969, 199953.64505067447, 10, 10, 21.2822, 15.2451, 11.8299, 11.5255, 68.6185, 61.2074, 10, 1.23, 1.13, 0),
(89, 45, 0, 23694812, 0, 5978.529779555617, 2391.3442475245315, 0, 106239.6989110673, 99959.70663757199, 0, 0, 21.7989, 21.3066, 11.8299, 11.5255, 58.9146, 30.1798, 10, 1.23, 1.13, 0),
(90, 45, 0, 23694812, 0, 15981.404548439707, 12399.146605406864, 10, 1106241.7489614945, 199949.3515716683, 10, 10, 23.849, 10.9516, 11.8299, 11.5255, 73.0454, 82.0511, 10, 1.23, 1.13, 0),
(91, 46, 0, 23694812, 0, 5973.157408864741, 2395.7838220727967, 0, 106234.91234480108, 99954.52692271647, 0, 0, 17.0123, 16.1269, 11.8299, 11.5255, 64.8952, 89.0563, 10, 1.23, 1.13, 0),
(92, 46, 0, 23694812, 0, 15979.045933980442, 12398.425543342808, 10, 1106242.6554458432, 199963.11614178485, 10, 10, 24.7554, 24.7161, 11.8299, 11.5255, 41.4332, 69.6932, 10, 1.23, 1.13, 0),
(93, 47, 0, 23694812, 0, 5982.857168472776, 2399.8880978882485, 0, 106237.63223523847, 99955.1942546726, 0, 0, 19.7322, 16.7943, 11.8299, 11.5255, 32.511, 34.035, 10, 1.23, 1.13, 0),
(94, 47, 0, 23694812, 0, 15976.391509286488, 12396.079022053918, 10, 1106239.3126338387, 199955.70130545684, 10, 10, 21.4126, 17.3013, 11.8299, 11.5255, 60.538, 67.9408, 10, 1.23, 1.13, 0),
(95, 48, 0, 23694812, 0, 5976.754773637665, 2392.98903570114, 0, 106239.17986644295, 99948.71526699232, 0, 0, 21.2799, 10.3153, 11.8299, 11.5255, 47.5282, 32.1507, 10, 1.23, 1.13, 0),
(96, 48, 0, 23694812, 0, 15974.421683903382, 12390.45628479513, 10, 1106240.145906453, 199949.671819977, 10, 10, 22.2459, 11.2718, 11.8299, 11.5255, 82.5427, 54.5761, 10, 1.23, 1.13, 0),
(97, 49, 0, 23694812, 0, 5981.14166299756, 2390.924423138911, 0, 106241.57519480024, 99961.55851597484, 0, 0, 23.6752, 23.1585, 11.8299, 11.5255, 82.404, 37.854, 10, 1.23, 1.13, 0),
(98, 49, 0, 23694812, 0, 15981.704210544056, 12398.76343219462, 10, 1106235.740371301, 199953.13013450906, 10, 10, 17.8404, 14.7301, 11.8299, 11.5255, 32.747, 49.7021, 10, 1.23, 1.13, 0),
(99, 50, 0, 23694812, 0, 5982.451810893084, 2392.728136046043, 0, 106236.71729346395, 99950.77030619202, 0, 0, 18.8173, 12.3703, 11.8299, 11.5255, 49.2788, 57.9689, 10, 1.23, 1.13, 0),
(100, 50, 0, 23694812, 0, 15978.43360730359, 12392.60060563015, 10, 1106234.1097563081, 199952.2429158748, 10, 10, 16.2098, 13.8429, 11.8299, 11.5255, 71.774, 65.6116, 10, 1.23, 1.13, 0),
(101, 51, 0, 23694812, 0, 5977.129579661462, 2395.9291733095088, 0, 106236.18756820438, 99956.24413692311, 0, 0, 18.2876, 17.8441, 11.8299, 11.5255, 52.6544, 61.8079, 10, 1.23, 1.13, 0),
(102, 51, 0, 23694812, 0, 15977.501182606135, 12395.64516843829, 10, 1106234.4217780423, 199952.77339882372, 10, 10, 16.5218, 14.3734, 11.8299, 11.5255, 72.671, 56.1655, 10, 1.23, 1.13, 0),
(103, 52, 0, 23694812, 0, 5973.498532272175, 2392.0968874296937, 0, 106231.53342441251, 99949.77696027677, 0, 0, 13.6334, 11.377, 11.8299, 11.5255, 64.6603, 78.4413, 10, 1.23, 1.13, 0),
(104, 52, 0, 23694812, 0, 15982.796596208245, 12398.034719260724, 10, 1106237.6135734415, 199953.86652728159, 10, 10, 19.7136, 15.4665, 11.8299, 11.5255, 70.2551, 67.0707, 10, 1.23, 1.13, 0),
(105, 53, 0, 23694812, 0, 5974.000291669801, 2393.9261352121694, 0, 106238.01995278956, 99950.34408050745, 0, 0, 20.12, 11.9441, 11.8299, 11.5255, 83.6089, 39.2315, 10, 1.23, 1.13, 0),
(106, 53, 0, 23694812, 0, 15979.694008991572, 12393.56668272286, 10, 1106237.621883538, 199950.5141054291, 10, 10, 19.7219, 12.1141, 11.8299, 11.5255, 82.1185, 52.5115, 10, 1.23, 1.13, 0),
(107, 54, 0, 23694812, 0, 5976.35197313538, 2397.5750412789057, 0, 106241.0402381684, 99954.64793494526, 0, 0, 23.1402, 16.2479, 11.8299, 11.5255, 41.7085, 48.9479, 10, 1.23, 1.13, 0),
(108, 54, 0, 23694812, 0, 15982.201288238104, 12391.27814121988, 10, 1106238.2819914997, 199950.78382333455, 10, 10, 20.382, 12.3838, 11.8299, 11.5255, 55.9999, 71.1353, 10, 1.23, 1.13, 0),
(109, 55, 0, 23694812, 0, 5978.249050877825, 2399.762613324786, 0, 106238.35288372515, 99955.6929381345, 0, 0, 20.4529, 17.2929, 11.8299, 11.5255, 56.5342, 57.1639, 10, 1.23, 1.13, 0),
(110, 55, 0, 23694812, 0, 15976.77240278366, 12396.757572262963, 10, 1106238.4096035103, 199950.1112267766, 10, 10, 20.5096, 11.7112, 11.8299, 11.5255, 82.9278, 56.7759, 10, 1.23, 1.13, 0),
(111, 56, 0, 23694812, 0, 5979.7520151128765, 2394.5500653903637, 0, 106238.13249963317, 99948.75622582839, 0, 0, 20.2325, 10.3562, 11.8299, 11.5255, 66.6298, 64.6577, 10, 1.23, 1.13, 0),
(112, 56, 0, 23694812, 0, 15979.250576232122, 12395.534681255232, 10, 1106242.1053718762, 199960.43695783836, 10, 10, 24.2054, 22.037, 11.8299, 11.5255, 69.4499, 42.4096, 10, 1.23, 1.13, 0),
(113, 57, 0, 23694812, 0, 5976.567569814215, 2394.6066996186246, 0, 106235.05078462856, 99953.12689813142, 0, 0, 17.1508, 14.7269, 11.8299, 11.5255, 80.5013, 73.0534, 10, 1.23, 1.13, 0),
(114, 57, 0, 23694812, 0, 15976.551928006491, 12396.008158536322, 10, 1106236.8358310075, 199954.80706565804, 10, 10, 18.9358, 16.4071, 11.8299, 11.5255, 45.8167, 69.4176, 10, 1.23, 1.13, 0),
(115, 58, 0, 23694812, 0, 5975.4020578609425, 2391.8158995548806, 0, 106239.10741278573, 99952.6483902125, 0, 0, 21.2074, 14.2484, 11.8299, 11.5255, 86.9631, 71.9175, 10, 1.23, 1.13, 0),
(116, 58, 0, 23694812, 0, 15981.403473289236, 12390.032245039842, 10, 1106231.0956177406, 199948.5112932551, 10, 10, 13.1956, 10.1113, 11.8299, 11.5255, 45.84, 42.7179, 10, 1.23, 1.13, 0),
(117, 59, 0, 23694812, 0, 5973.15023211224, 2397.676055163802, 0, 106232.68638726548, 99952.68424352919, 0, 0, 14.7864, 14.2842, 11.8299, 11.5255, 35.3319, 73.0811, 10, 1.23, 1.13, 0),
(118, 59, 0, 23694812, 0, 15974.450164209917, 12390.419498386535, 10, 1106239.4732923848, 199955.26721915568, 10, 10, 21.5733, 16.8672, 11.8299, 11.5255, 86.006, 60.896, 10, 1.23, 1.13, 0),
(119, 60, 0, 23694812, 0, 5976.093408933821, 2397.8409741564706, 0, 106238.73946850034, 99950.77019072675, 0, 0, 20.8395, 12.3702, 11.8299, 11.5255, 81.1361, 67.9532, 10, 1.23, 1.13, 0),
(120, 60, 0, 23694812, 0, 15976.917075292968, 12395.315912389884, 10, 1106234.13624348, 199949.64726776993, 10, 10, 16.2362, 11.2473, 11.8299, 11.5255, 38.5133, 72.6942, 10, 1.23, 1.13, 0),
(121, 61, 0, 23694812, 0, 5977.445546152189, 2398.174733731945, 0, 106242.52258331413, 99957.05201129797, 0, 0, 24.6226, 18.652, 11.8299, 11.5255, 56.7792, 78.5655, 10, 1.23, 1.13, 0),
(122, 61, 0, 23694812, 0, 15979.795915169465, 12393.001139527456, 10, 1106236.4003655263, 199955.03023741455, 10, 10, 18.5004, 16.6302, 11.8299, 11.5255, 43.0456, 63.2639, 10, 1.23, 1.13, 0),
(123, 62, 0, 23694812, 0, 5975.103314017645, 2391.8504511877763, 0, 106240.6572103497, 99957.45324580306, 0, 0, 22.7572, 19.0532, 11.8299, 11.5255, 32.2161, 84.6741, 10, 1.23, 1.13, 0),
(124, 62, 0, 23694812, 0, 15974.240518166269, 12393.75482323875, 10, 1106235.6339935057, 199952.9612667755, 10, 10, 17.734, 14.5613, 11.8299, 11.5255, 87.2409, 87.9656, 10, 1.23, 1.13, 0),
(125, 63, 0, 23694812, 0, 5979.631987927106, 2396.2896966507524, 0, 106229.55428076303, 99949.26982366283, 0, 0, 11.6543, 10.8698, 11.8299, 11.5255, 59.108, 57.275, 10, 1.23, 1.13, 0),
(126, 63, 0, 23694812, 0, 15980.461432847504, 12395.68528938086, 10, 1106238.6834345437, 199950.06067204612, 10, 10, 20.7834, 11.6607, 11.8299, 11.5255, 88.9354, 60.9943, 10, 1.23, 1.13, 0),
(127, 64, 0, 23694812, 0, 5974.699512667864, 2399.144413253616, 0, 106235.81908619685, 99950.27782363343, 0, 0, 17.9191, 11.8778, 11.8299, 11.5255, 58.5316, 51.7366, 10, 1.23, 1.13, 0),
(128, 64, 0, 23694812, 0, 15980.77535714428, 12392.116703636195, 10, 1106239.629587153, 199956.12179573218, 10, 10, 21.7296, 17.7218, 11.8299, 11.5255, 66.5244, 84.9724, 10, 1.23, 1.13, 0),
(129, 65, 0, 23694812, 0, 5979.317522322167, 2399.199927808285, 0, 106234.42006314218, 99953.80822997748, 0, 0, 16.5201, 15.4082, 11.8299, 11.5255, 80.4734, 70.2432, 10, 1.23, 1.13, 0),
(130, 65, 0, 23694812, 0, 15973.359065181161, 12390.729167164181, 10, 1106236.0178368439, 199955.80941635583, 10, 10, 18.1178, 17.4094, 11.8299, 11.5255, 82.0365, 77.776, 10, 1.23, 1.13, 0),
(131, 66, 0, 23694812, 0, 5974.107260640375, 2390.3402484083645, 0, 106238.04797859618, 99957.60060444934, 0, 0, 20.148, 19.2006, 11.8299, 11.5255, 38.6369, 66.1697, 10, 1.23, 1.13, 0),
(132, 66, 0, 23694812, 0, 15980.32196726589, 12391.1927087458, 10, 1106231.4185666165, 199950.68751592748, 10, 10, 13.5186, 12.2875, 11.8299, 11.5255, 71.0046, 88.5317, 10, 1.23, 1.13, 0),
(133, 67, 0, 23694812, 0, 5978.021088245661, 2399.8364164446534, 0, 106241.26463551322, 99953.83500489549, 0, 0, 23.3646, 15.435, 11.8299, 11.5255, 56.8806, 60.9618, 10, 1.23, 1.13, 0),
(134, 67, 0, 23694812, 0, 15978.805647029945, 12395.754397046527, 10, 1106235.5973973167, 199948.90179852524, 10, 10, 17.6974, 10.5018, 11.8299, 11.5255, 43.7608, 66.12, 10, 1.23, 1.13, 0),
(135, 68, 0, 23694812, 0, 5977.975774827533, 2391.1227962842354, 0, 106239.03077102666, 99954.00382656553, 0, 0, 21.1308, 15.6038, 11.8299, 11.5255, 46.0499, 38.7641, 10, 1.23, 1.13, 0),
(136, 68, 0, 23694812, 0, 15978.48403852884, 12399.014830129177, 10, 1106233.1251546196, 199948.6799070713, 10, 10, 15.2252, 10.2799, 11.8299, 11.5255, 80.6312, 63.3715, 10, 1.23, 1.13, 0),
(137, 69, 0, 23694812, 0, 5980.2966627629985, 2390.3409029517125, 0, 106231.421921016, 99951.25683555791, 0, 0, 13.5219, 12.8568, 11.8299, 11.5255, 87.7609, 71.44, 10, 1.23, 1.13, 0),
(138, 69, 0, 23694812, 0, 15974.875497240308, 12395.478169673015, 10, 1106230.5057670567, 199950.07324467401, 10, 10, 12.6058, 11.6732, 11.8299, 11.5255, 89.6736, 43.9336, 10, 1.23, 1.13, 0),
(139, 70, 0, 23694812, 0, 5979.297173002967, 2394.790167690842, 0, 106237.66380588443, 99951.6405804582, 0, 0, 19.7638, 13.2406, 11.8299, 11.5255, 36.9151, 73.4084, 10, 1.23, 1.13, 0),
(140, 70, 0, 23694812, 0, 15982.139072985987, 12398.76344698633, 10, 1106238.9814488944, 199955.98863257916, 10, 10, 21.0814, 17.5886, 11.8299, 11.5255, 42.3736, 83.8902, 10, 1.23, 1.13, 0),
(141, 71, 0, 23694812, 0, 5975.870716984117, 2399.468022887882, 0, 106230.2542934597, 99949.61808793804, 0, 0, 12.3543, 11.2181, 11.8299, 11.5255, 70.798, 54.7603, 10, 1.23, 1.13, 0),
(142, 71, 0, 23694812, 0, 15982.125128242085, 12395.3845302338, 10, 1106242.1852214718, 199954.71316948364, 10, 10, 24.2852, 16.3132, 11.8299, 11.5255, 56.1328, 42.0027, 10, 1.23, 1.13, 0),
(143, 72, 0, 23694812, 0, 5976.574285474658, 2392.4142379126515, 0, 106234.49695630083, 99948.48753775892, 0, 0, 16.597, 10.0875, 11.8299, 11.5255, 82.5268, 30.4514, 10, 1.23, 1.13, 0),
(144, 72, 0, 23694812, 0, 15973.677744093182, 12399.198537046494, 10, 1106238.3390421767, 199956.18125974972, 10, 10, 20.439, 17.7813, 11.8299, 11.5255, 84.7144, 59.2777, 10, 1.23, 1.13, 0),
(145, 73, 0, 23694812, 0, 5982.683852499464, 2392.7867341745614, 0, 106242.41327871502, 99959.29104677739, 0, 0, 24.5133, 20.891, 11.8299, 11.5255, 71.9457, 38.6896, 10, 1.23, 1.13, 0),
(146, 73, 0, 23694812, 0, 15975.638358276998, 12395.953413260268, 10, 1106233.67364588, 199951.17464350694, 10, 10, 15.7736, 12.7746, 11.8299, 11.5255, 58.7028, 71.8271, 10, 1.23, 1.13, 0),
(147, 74, 0, 23694812, 0, 5974.987184732565, 2393.0546656197125, 0, 106241.59323380796, 99951.7575858431, 0, 0, 23.6932, 13.3576, 11.8299, 11.5255, 59.698, 48.3979, 10, 1.23, 1.13, 0),
(148, 74, 0, 23694812, 0, 15981.900790361466, 12391.511333411212, 10, 1106235.506029328, 199955.55011353307, 10, 10, 17.606, 17.1501, 11.8299, 11.5255, 71.9569, 32.7793, 10, 1.23, 1.13, 0),
(149, 75, 0, 23694812, 0, 5975.071474440892, 2395.329744472302, 0, 106234.0247604915, 99951.16600621816, 0, 0, 16.1248, 12.766, 11.8299, 11.5255, 53.3401, 35.2742, 10, 1.23, 1.13, 0),
(150, 75, 0, 23694812, 0, 15978.310197963065, 12393.821362023662, 10, 1106234.1890793955, 199953.71587926918, 10, 10, 16.2891, 15.3159, 11.8299, 11.5255, 37.9356, 57.1892, 10, 1.23, 1.13, 0),
(151, 76, 0, 23694812, 0, 5979.292806686106, 2392.993056014669, 0, 106238.68583574901, 99958.43718463129, 0, 0, 20.7858, 20.0372, 11.8299, 11.5255, 43.3597, 51.3698, 10, 1.23, 1.13, 0),
(152, 76, 0, 23694812, 0, 15981.138346019528, 12396.987985755968, 10, 1106231.726123166, 199949.01326111608, 10, 10, 13.8261, 10.6133, 11.8299, 11.5255, 61.6387, 88.53, 10, 1.23, 1.13, 0),
(153, 77, 0, 23694812, 0, 5976.597293027265, 2399.814765812557, 0, 106237.61500275736, 99950.88237539986, 0, 0, 19.715, 12.4824, 11.8299, 11.5255, 51.4086, 42.0747, 10, 1.23, 1.13, 0),
(154, 77, 0, 23694812, 0, 15973.803658541518, 12391.03118696176, 10, 1106231.462911623, 199951.69553608386, 10, 10, 13.5629, 13.2955, 11.8299, 11.5255, 43.7363, 45.7535, 10, 1.23, 1.13, 0),
(155, 78, 0, 23694812, 0, 5978.639955474607, 2394.8695468951337, 0, 106231.48896603197, 99948.71979145639, 0, 0, 13.589, 10.3198, 11.8299, 11.5255, 57.6606, 62.7712, 10, 1.23, 1.13, 0),
(156, 78, 0, 23694812, 0, 15978.595519453933, 12397.053272843834, 10, 1106233.3332386995, 199953.20485901227, 10, 10, 15.4332, 14.8049, 11.8299, 11.5255, 30.1162, 76.7017, 10, 1.23, 1.13, 0),
(157, 79, 0, 23694812, 0, 5976.6490380991245, 2390.4484782871377, 0, 106239.89343149906, 99954.37927836423, 0, 0, 21.9934, 15.9793, 11.8299, 11.5255, 35.1851, 72.1783, 10, 1.23, 1.13, 0),
(158, 79, 0, 23694812, 0, 15976.2222159339, 12397.974295551097, 10, 1106239.7083331964, 199950.99495570935, 10, 10, 21.8083, 12.595, 11.8299, 11.5255, 35.3041, 31.1266, 10, 1.23, 1.13, 0),
(159, 80, 0, 23694812, 0, 5981.554808740913, 2399.7844994923025, 0, 106236.28795107754, 99949.37002556141, 0, 0, 18.388, 10.97, 11.8299, 11.5255, 39.1828, 33.9444, 10, 1.23, 1.13, 0),
(160, 80, 0, 23694812, 0, 15977.53517757309, 12396.34335410303, 10, 1106240.124806883, 199955.29643790793, 10, 10, 22.2248, 16.8964, 11.8299, 11.5255, 41.1257, 78.6719, 10, 1.23, 1.13, 0),
(161, 81, 0, 23694812, 0, 5973.538719693033, 2398.5153898714716, 0, 106230.06506449053, 99949.48361552806, 0, 0, 12.1651, 11.0836, 11.8299, 11.5255, 34.4343, 35.1742, 10, 1.23, 1.13, 0),
(162, 81, 0, 23694812, 0, 15977.80933279094, 12392.286290610458, 10, 1106242.543372957, 199958.07052487344, 10, 10, 24.6434, 19.6705, 11.8299, 11.5255, 50.2658, 79.7601, 10, 1.23, 1.13, 0),
(163, 82, 0, 23694812, 0, 5975.488058692396, 2396.3594101360027, 0, 106232.85860684236, 99951.70953695115, 0, 0, 14.9586, 13.3095, 11.8299, 11.5255, 53.0949, 45.3026, 10, 1.23, 1.13, 0),
(164, 82, 0, 23694812, 0, 15976.25373095009, 12399.363967162935, 10, 1106236.477495751, 199954.43015359872, 10, 10, 18.5775, 16.0302, 11.8299, 11.5255, 51.7987, 67.2658, 10, 1.23, 1.13, 0);

-- --------------------------------------------------------

--
-- Структура таблицы `tblCity`
--

CREATE TABLE IF NOT EXISTS `tblCity` (
`idCity` int(11) NOT NULL,
  `nameCity` varchar(255) NOT NULL
) ENGINE=InnoDB AUTO_INCREMENT=4 DEFAULT CHARSET=utf8;

--
-- Дамп данных таблицы `tblCity`
--

INSERT INTO `tblCity` (`idCity`, `nameCity`) VALUES
(1, 'Полоцк'),
(2, 'Новополоцк');

-- --------------------------------------------------------

--
-- Структура таблицы `tblContract`
--

CREATE TABLE IF NOT EXISTS `tblContract` (
`idContract` int(11) NOT NULL,
  `contract` varchar(255) NOT NULL,
  `idDevice` int(11) NOT NULL
) ENGINE=InnoDB DEFAULT CHARSET=utf8;

-- --------------------------------------------------------

--
-- Структура таблицы `tblDepartment`
--

CREATE TABLE IF NOT EXISTS `tblDepartment` (
`idDepartment` int(11) NOT NULL,
  `Department` varchar(20) NOT NULL
) ENGINE=InnoDB AUTO_INCREMENT=102 DEFAULT CHARSET=utf8;

--
-- Дамп данных таблицы `tblDepartment`
--

INSERT INTO `tblDepartment` (`idDepartment`, `Department`) VALUES
(20, 'Все'),
(30, 'КТЦ'),
(40, 'РК "Ксты"'),
(50, 'РСУ'),
(60, 'РТС'),
(70, 'ХЦ'),
(80, 'ЦТАИ'),
(90, 'ЭЦ'),
(100, 'УМиА'),
(101, 'Управление');

-- --------------------------------------------------------

--
-- Структура таблицы `tblObject`
--

CREATE TABLE IF NOT EXISTS `tblObject` (
`idObject` int(11) NOT NULL,
  `nameObject` varchar(255) NOT NULL,
  `home` varchar(20) NOT NULL,
  `idCity` int(11) NOT NULL,
  `idStreet` int(11) NOT NULL
) ENGINE=InnoDB AUTO_INCREMENT=4 DEFAULT CHARSET=utf8;

--
-- Дамп данных таблицы `tblObject`
--

INSERT INTO `tblObject` (`idObject`, `nameObject`, `home`, `idCity`, `idStreet`) VALUES
(1, 'ЦТП №1', '8', 1, 1),
(2, 'ЦТП №2', '5', 1, 1),
(3, 'Аэродром', '12', 1, 3);

-- --------------------------------------------------------

--
-- Структура таблицы `tblOrganization`
--

CREATE TABLE IF NOT EXISTS `tblOrganization` (
`idOrganization` int(11) NOT NULL,
  `nameOrganization` varchar(255) NOT NULL,
  `idObject` int(11) NOT NULL
) ENGINE=InnoDB DEFAULT CHARSET=utf8;

-- --------------------------------------------------------

--
-- Структура таблицы `tblOrganizationUser`
--

CREATE TABLE IF NOT EXISTS `tblOrganizationUser` (
`id` int(11) NOT NULL,
  `idUser` int(11) NOT NULL,
  `idOrganization` int(11) NOT NULL
) ENGINE=InnoDB DEFAULT CHARSET=utf8;

-- --------------------------------------------------------

--
-- Структура таблицы `tblRightsItems`
--

CREATE TABLE IF NOT EXISTS `tblRightsItems` (
`idRightItem` int(11) NOT NULL,
  `rightItem` varchar(20) NOT NULL
) ENGINE=InnoDB AUTO_INCREMENT=13 DEFAULT CHARSET=utf8;

--
-- Дамп данных таблицы `tblRightsItems`
--

INSERT INTO `tblRightsItems` (`idRightItem`, `rightItem`) VALUES
(10, 'admin'),
(3, 'changeOrder'),
(11, 'changeStatus'),
(4, 'createFile'),
(5, 'createOrder'),
(9, 'createUser'),
(12, 'createеTask'),
(2, 'markDel'),
(7, 'markDirector'),
(1, 'markFileRuk'),
(8, 'markGlingener'),
(6, 'markTB');

-- --------------------------------------------------------

--
-- Структура таблицы `tblRoleRights`
--

CREATE TABLE IF NOT EXISTS `tblRoleRights` (
`idRoleRights` int(11) NOT NULL,
  `idRole` int(11) NOT NULL,
  `idRightsItem` int(11) NOT NULL
) ENGINE=InnoDB AUTO_INCREMENT=24 DEFAULT CHARSET=utf8;

--
-- Дамп данных таблицы `tblRoleRights`
--

INSERT INTO `tblRoleRights` (`idRoleRights`, `idRole`, `idRightsItem`) VALUES
(1, 6, 5),
(2, 5, 3),
(3, 5, 4),
(4, 3, 1),
(5, 3, 2),
(6, 3, 7),
(7, 4, 1),
(8, 4, 2),
(9, 4, 8),
(10, 2, 6),
(11, 2, 2),
(12, 1, 1),
(13, 1, 2),
(14, 1, 3),
(15, 1, 4),
(16, 1, 5),
(17, 1, 6),
(18, 1, 7),
(19, 1, 8),
(20, 1, 9),
(21, 1, 10),
(22, 6, 3),
(23, 5, 11);

-- --------------------------------------------------------

--
-- Структура таблицы `tblRoles`
--

CREATE TABLE IF NOT EXISTS `tblRoles` (
`idRole` int(11) NOT NULL,
  `role` varchar(20) NOT NULL
) ENGINE=InnoDB AUTO_INCREMENT=7 DEFAULT CHARSET=utf8;

--
-- Дамп данных таблицы `tblRoles`
--

INSERT INTO `tblRoles` (`idRole`, `role`) VALUES
(1, 'admin'),
(2, 'tb'),
(3, 'director'),
(4, 'glingener'),
(5, 'nss'),
(6, 'ceh');

-- --------------------------------------------------------

--
-- Структура таблицы `tblSheduleHistory`
--

CREATE TABLE IF NOT EXISTS `tblSheduleHistory` (
`id` int(11) NOT NULL,
  `deviceId` int(11) NOT NULL,
  `stringToSend` varchar(500) NOT NULL,
  `timeToExecute` timestamp NOT NULL DEFAULT CURRENT_TIMESTAMP ON UPDATE CURRENT_TIMESTAMP,
  `statusExecute` int(11) NOT NULL
) ENGINE=InnoDB AUTO_INCREMENT=179 DEFAULT CHARSET=utf8;

--
-- Дамп данных таблицы `tblSheduleHistory`
--

INSERT INTO `tblSheduleHistory` (`id`, `deviceId`, `stringToSend`, `timeToExecute`, `statusExecute`) VALUES
(107, 1, 'java -jar D:\\1_SVETILNIK_NEED\\Java\\Counters\\qBoxSimulator-0.0.1.jar -format=json -number=1 -type=1 -unitQ=1 172.22.80.28:4001', '2018-11-21 10:56:26', 1),
(108, 1, 'java -jar D:\\1_SVETILNIK_NEED\\Java\\Counters\\qBoxSimulator-0.0.1.jar -format=json -number=1 -type=1 -unitQ=1 172.22.80.28:4001', '2018-11-23 07:00:00', 1),
(109, 1, 'java -jar D:\\1_SVETILNIK_NEED\\Java\\Counters\\qBoxSimulator-0.0.1.jar -format=json -number=1 -type=1 -unitQ=1 172.22.80.28:4001', '2018-11-27 17:00:00', 1),
(110, 1, 'java -jar D:\\1_SVETILNIK_NEED\\Java\\Counters\\qBoxSimulator-0.0.1.jar -format=json -number=1 -type=1 -unitQ=1 172.22.80.28:4001', '2018-11-27 18:00:00', 1),
(111, 1, 'java -jar D:\\1_SVETILNIK_NEED\\Java\\Counters\\qBoxSimulator-0.0.1.jar -format=json -number=1 -type=1 -unitQ=1 172.22.80.28:4001', '2018-11-28 05:00:00', 1),
(112, 1, 'java -jar D:\\1_SVETILNIK_NEED\\Java\\Counters\\qBoxSimulator-0.0.1.jar -format=json -number=1 -type=1 -unitQ=1 172.22.80.28:4001', '2018-11-28 05:00:00', 1),
(113, 1, 'java -jar D:\\1_SVETILNIK_NEED\\Java\\Counters\\qBoxSimulator-0.0.1.jar -format=json -number=1 -type=1 -unitQ=1 172.22.80.28:4001', '2018-11-28 06:00:00', 1),
(114, 1, 'java -jar D:\\1_SVETILNIK_NEED\\Java\\Counters\\qBoxSimulator-0.0.1.jar -format=json -number=1 -type=1 -unitQ=1 172.22.80.28:4001', '2018-11-28 09:00:00', 1),
(115, 1, 'java -jar D:\\1_SVETILNIK_NEED\\Java\\Counters\\qBoxSimulator-0.0.1.jar -format=json -number=1 -type=1 -unitQ=1 172.22.80.28:4001', '2018-11-28 09:00:00', 1),
(116, 1, 'java -jar D:\\1_SVETILNIK_NEED\\Java\\Counters\\qBoxSimulator-0.0.1.jar -format=json -number=1 -type=1 -unitQ=1 172.22.80.28:4001', '2018-11-28 10:00:00', 1),
(117, 1, 'java -jar D:\\1_SVETILNIK_NEED\\Java\\Counters\\qBoxSimulator-0.0.1.jar -format=json -number=1 -type=1 -unitQ=1 172.22.80.28:4001', '2018-11-28 11:00:00', 1),
(118, 1, 'java -jar D:\\1_SVETILNIK_NEED\\Java\\Counters\\qBoxSimulator-0.0.1.jar -format=json -number=1 -type=1 -unitQ=1 172.22.80.28:4001', '2018-11-28 13:00:00', 1),
(119, 1, 'java -jar D:\\1_SVETILNIK_NEED\\Java\\Counters\\qBoxSimulator-0.0.1.jar -format=json -number=1 -type=1 -unitQ=1 172.22.80.28:4001', '2018-11-28 13:00:00', 1),
(120, 1, 'java -jar D:\\1_SVETILNIK_NEED\\Java\\Counters\\qBoxSimulator-0.0.1.jar -format=json -number=1 -type=1 -unitQ=1 172.22.80.28:4001', '2018-11-28 18:00:00', 1),
(121, 1, 'java -jar D:\\1_SVETILNIK_NEED\\Java\\Counters\\qBoxSimulator-0.0.1.jar -format=json -number=1 -type=1 -unitQ=1 172.22.80.28:4001', '2018-11-29 06:00:00', 1),
(122, 1, 'java -jar D:\\1_SVETILNIK_NEED\\Java\\Counters\\qBoxSimulator-0.0.1.jar -format=json -number=1 -type=1 -unitQ=1 172.22.80.28:4001', '2018-11-29 09:00:00', 1),
(123, 1, 'java -jar D:\\1_SVETILNIK_NEED\\Java\\Counters\\qBoxSimulator-0.0.1.jar -format=json -number=1 -type=1 -unitQ=1 172.22.80.28:4001', '2018-11-29 10:00:00', 1),
(124, 1, 'java -jar D:\\1_SVETILNIK_NEED\\Java\\Counters\\qBoxSimulator-0.0.1.jar -format=json -number=1 -type=1 -unitQ=1 172.22.80.28:4001', '2018-11-29 12:00:00', 1),
(125, 1, 'java -jar D:\\1_SVETILNIK_NEED\\Java\\Counters\\qBoxSimulator-0.0.1.jar -format=json -number=1 -type=1 -unitQ=1 172.22.80.28:4001', '2018-11-29 13:00:00', 1),
(126, 1, 'java -jar D:\\1_SVETILNIK_NEED\\Java\\Counters\\qBoxSimulator-0.0.1.jar -format=json -number=1 -type=1 -unitQ=1 172.22.80.28:4001', '2018-11-29 13:00:00', 1),
(127, 1, 'java -jar D:\\1_SVETILNIK_NEED\\Java\\Counters\\qBoxSimulator-0.0.1.jar -format=json -number=1 -type=1 -unitQ=1 172.22.80.28:4001', '2018-11-30 07:00:00', 1),
(128, 1, 'java -jar D:\\1_SVETILNIK_NEED\\Java\\Counters\\qBoxSimulator-0.0.1.jar -format=json -number=1 -type=1 -unitQ=1 172.22.80.28:4001', '2018-11-30 07:00:00', 1),
(129, 1, 'java -jar D:\\1_SVETILNIK_NEED\\Java\\Counters\\qBoxSimulator-0.0.1.jar -format=json -number=1 -type=1 -unitQ=1 172.22.80.28:4001', '2018-11-30 08:00:00', 1),
(130, 1, 'java -jar D:\\1_SVETILNIK_NEED\\Java\\Counters\\qBoxSimulator-0.0.1.jar -format=json -number=1 -type=1 -unitQ=1 172.22.80.28:4001', '2018-11-30 12:00:00', 1),
(131, 1, 'java -jar D:\\1_SVETILNIK_NEED\\Java\\Counters\\qBoxSimulator-0.0.1.jar -format=json -number=1 -type=1 -unitQ=1 172.22.80.28:4001', '2018-11-30 12:00:00', 1),
(132, 1, 'java -jar D:\\1_SVETILNIK_NEED\\Java\\Counters\\qBoxSimulator-0.0.1.jar -format=json -number=1 -type=1 -unitQ=1 172.22.80.28:4001', '2018-12-03 09:00:00', 1),
(133, 1, 'java -jar D:\\1_SVETILNIK_NEED\\Java\\Counters\\qBoxSimulator-0.0.1.jar -format=json -number=1 -type=1 -unitQ=1 172.22.80.28:4001', '2018-12-03 09:00:00', 1),
(134, 1, 'java -jar D:\\1_SVETILNIK_NEED\\Java\\Counters\\qBoxSimulator-0.0.1.jar -format=json -number=1 -type=1 -unitQ=1 172.22.80.28:4001', '2018-12-03 10:00:00', 1),
(135, 1, 'java -jar D:\\1_SVETILNIK_NEED\\Java\\Counters\\qBoxSimulator-0.0.1.jar -format=json -number=1 -type=1 -unitQ=1 172.22.80.28:4001', '2018-12-03 11:00:00', 1),
(136, 1, 'java -jar D:\\1_SVETILNIK_NEED\\Java\\Counters\\qBoxSimulator-0.0.1.jar -format=json -number=1 -type=1 -unitQ=1 172.22.80.28:4001', '2018-12-03 12:00:00', 1),
(137, 1, 'java -jar D:\\1_SVETILNIK_NEED\\Java\\Counters\\qBoxSimulator-0.0.1.jar -format=json -number=1 -type=1 -unitQ=1 172.22.80.28:4001', '2018-12-03 13:00:00', 1),
(138, 1, 'java -jar D:\\1_SVETILNIK_NEED\\Java\\Counters\\qBoxSimulator-0.0.1.jar -format=json -number=1 -type=1 -unitQ=1 172.22.80.28:4001', '2018-12-03 14:00:00', 1),
(139, 1, 'java -jar D:\\1_SVETILNIK_NEED\\Java\\Counters\\qBoxSimulator-0.0.1.jar -format=json -number=1 -type=1 -unitQ=1 172.22.80.28:4001', '2018-12-03 15:00:00', 1),
(140, 1, 'java -jar D:\\1_SVETILNIK_NEED\\Java\\Counters\\qBoxSimulator-0.0.1.jar -format=json -number=1 -type=1 -unitQ=1 172.22.80.28:4001', '2018-12-03 16:00:00', 1),
(141, 1, 'java -jar D:\\1_SVETILNIK_NEED\\Java\\Counters\\qBoxSimulator-0.0.1.jar -format=json -number=1 -type=1 -unitQ=1 172.22.80.28:4001', '2018-12-03 17:00:00', 1),
(142, 1, 'java -jar D:\\1_SVETILNIK_NEED\\Java\\Counters\\qBoxSimulator-0.0.1.jar -format=json -number=1 -type=1 -unitQ=1 172.22.80.28:4001', '2018-12-03 18:00:00', 1),
(143, 1, 'java -jar D:\\1_SVETILNIK_NEED\\Java\\Counters\\qBoxSimulator-0.0.1.jar -format=json -number=1 -type=1 -unitQ=1 172.22.80.28:4001', '2018-12-03 19:00:00', 1),
(144, 1, 'java -jar D:\\1_SVETILNIK_NEED\\Java\\Counters\\qBoxSimulator-0.0.1.jar -format=json -number=1 -type=1 -unitQ=1 172.22.80.28:4001', '2018-12-03 20:00:00', 1),
(145, 1, 'java -jar D:\\1_SVETILNIK_NEED\\Java\\Counters\\qBoxSimulator-0.0.1.jar -format=json -number=1 -type=1 -unitQ=1 172.22.80.28:4001', '2018-12-03 21:00:00', 1),
(146, 1, 'java -jar D:\\1_SVETILNIK_NEED\\Java\\Counters\\qBoxSimulator-0.0.1.jar -format=json -number=1 -type=1 -unitQ=1 172.22.80.28:4001', '2018-12-03 22:00:00', 1),
(147, 1, 'java -jar D:\\1_SVETILNIK_NEED\\Java\\Counters\\qBoxSimulator-0.0.1.jar -format=json -number=1 -type=1 -unitQ=1 172.22.80.28:4001', '2018-12-03 23:00:00', 1),
(148, 1, 'java -jar D:\\1_SVETILNIK_NEED\\Java\\Counters\\qBoxSimulator-0.0.1.jar -format=json -number=1 -type=1 -unitQ=1 172.22.80.28:4001', '2018-12-04 00:00:00', 1),
(149, 1, 'java -jar D:\\1_SVETILNIK_NEED\\Java\\Counters\\qBoxSimulator-0.0.1.jar -format=json -number=1 -type=1 -unitQ=1 172.22.80.28:4001', '2018-12-04 01:00:00', 1),
(150, 1, 'java -jar D:\\1_SVETILNIK_NEED\\Java\\Counters\\qBoxSimulator-0.0.1.jar -format=json -number=1 -type=1 -unitQ=1 172.22.80.28:4001', '2018-12-04 02:00:00', 1),
(151, 1, 'java -jar D:\\1_SVETILNIK_NEED\\Java\\Counters\\qBoxSimulator-0.0.1.jar -format=json -number=1 -type=1 -unitQ=1 172.22.80.28:4001', '2018-12-04 03:00:00', 1),
(152, 1, 'java -jar D:\\1_SVETILNIK_NEED\\Java\\Counters\\qBoxSimulator-0.0.1.jar -format=json -number=1 -type=1 -unitQ=1 172.22.80.28:4001', '2018-12-04 04:00:00', 1),
(153, 1, 'java -jar D:\\1_SVETILNIK_NEED\\Java\\Counters\\qBoxSimulator-0.0.1.jar -format=json -number=1 -type=1 -unitQ=1 172.22.80.28:4001', '2018-12-04 05:00:00', 1),
(154, 1, 'java -jar D:\\1_SVETILNIK_NEED\\Java\\Counters\\qBoxSimulator-0.0.1.jar -format=json -number=1 -type=1 -unitQ=1 172.22.80.28:4001', '2018-12-04 06:00:00', 1),
(155, 1, 'java -jar D:\\1_SVETILNIK_NEED\\Java\\Counters\\qBoxSimulator-0.0.1.jar -format=json -number=1 -type=1 -unitQ=1 172.22.80.28:4001', '2018-12-04 07:00:00', 1),
(156, 1, 'java -jar D:\\1_SVETILNIK_NEED\\Java\\Counters\\qBoxSimulator-0.0.1.jar -format=json -number=1 -type=1 -unitQ=1 172.22.80.28:4001', '2018-12-04 08:00:00', 1),
(157, 1, 'java -jar D:\\1_SVETILNIK_NEED\\Java\\Counters\\qBoxSimulator-0.0.1.jar -format=json -number=1 -type=1 -unitQ=1 172.22.80.28:4001', '2018-12-04 09:00:00', 1),
(158, 1, 'java -jar D:\\1_SVETILNIK_NEED\\Java\\Counters\\qBoxSimulator-0.0.1.jar -format=json -number=1 -type=1 -unitQ=1 172.22.80.28:4001', '2018-12-04 10:00:00', 1),
(159, 1, 'java -jar D:\\1_SVETILNIK_NEED\\Java\\Counters\\qBoxSimulator-0.0.1.jar -format=json -number=1 -type=1 -unitQ=1 172.22.80.28:4001', '2018-12-04 11:00:00', 1),
(160, 1, 'java -jar D:\\1_SVETILNIK_NEED\\Java\\Counters\\qBoxSimulator-0.0.1.jar -format=json -number=1 -type=1 -unitQ=1 172.22.80.28:4001', '2018-12-04 12:00:00', 1),
(161, 1, 'java -jar D:\\1_SVETILNIK_NEED\\Java\\Counters\\qBoxSimulator-0.0.1.jar -format=json -number=1 -type=1 -unitQ=1 172.22.80.28:4001', '2018-12-04 13:00:00', 1),
(162, 1, 'java -jar D:\\1_SVETILNIK_NEED\\Java\\Counters\\qBoxSimulator-0.0.1.jar -format=json -number=1 -type=1 -unitQ=1 172.22.80.28:4001', '2018-12-04 14:00:00', 1),
(163, 1, 'java -jar D:\\1_SVETILNIK_NEED\\Java\\Counters\\qBoxSimulator-0.0.1.jar -format=json -number=1 -type=1 -unitQ=1 172.22.80.28:4001', '2018-12-04 15:00:00', 1),
(164, 1, 'java -jar D:\\1_SVETILNIK_NEED\\Java\\Counters\\qBoxSimulator-0.0.1.jar -format=json -number=1 -type=1 -unitQ=1 172.22.80.28:4001', '2018-12-04 16:00:00', 1),
(165, 1, 'java -jar D:\\1_SVETILNIK_NEED\\Java\\Counters\\qBoxSimulator-0.0.1.jar -format=json -number=1 -type=1 -unitQ=1 172.22.80.28:4001', '2018-12-04 17:00:00', 1),
(166, 1, 'java -jar D:\\1_SVETILNIK_NEED\\Java\\Counters\\qBoxSimulator-0.0.1.jar -format=json -number=1 -type=1 -unitQ=1 172.22.80.28:4001', '2018-12-04 18:00:00', 1),
(167, 1, 'java -jar D:\\1_SVETILNIK_NEED\\Java\\Counters\\qBoxSimulator-0.0.1.jar -format=json -number=1 -type=1 -unitQ=1 172.22.80.28:4001', '2018-12-04 19:00:00', 1),
(168, 1, 'java -jar D:\\1_SVETILNIK_NEED\\Java\\Counters\\qBoxSimulator-0.0.1.jar -format=json -number=1 -type=1 -unitQ=1 172.22.80.28:4001', '2018-12-04 20:00:00', 1),
(169, 1, 'java -jar D:\\1_SVETILNIK_NEED\\Java\\Counters\\qBoxSimulator-0.0.1.jar -format=json -number=1 -type=1 -unitQ=1 172.22.80.28:4001', '2018-12-04 21:00:00', 1),
(170, 1, 'java -jar D:\\1_SVETILNIK_NEED\\Java\\Counters\\qBoxSimulator-0.0.1.jar -format=json -number=1 -type=1 -unitQ=1 172.22.80.28:4001', '2018-12-04 22:00:00', 1),
(171, 1, 'java -jar D:\\1_SVETILNIK_NEED\\Java\\Counters\\qBoxSimulator-0.0.1.jar -format=json -number=1 -type=1 -unitQ=1 172.22.80.28:4001', '2018-12-04 23:00:00', 1),
(172, 1, 'java -jar D:\\1_SVETILNIK_NEED\\Java\\Counters\\qBoxSimulator-0.0.1.jar -format=json -number=1 -type=1 -unitQ=1 172.22.80.28:4001', '2018-12-05 00:00:00', 1),
(173, 1, 'java -jar D:\\1_SVETILNIK_NEED\\Java\\Counters\\qBoxSimulator-0.0.1.jar -format=json -number=1 -type=1 -unitQ=1 172.22.80.28:4001', '2018-12-05 01:00:00', 1),
(174, 1, 'java -jar D:\\1_SVETILNIK_NEED\\Java\\Counters\\qBoxSimulator-0.0.1.jar -format=json -number=1 -type=1 -unitQ=1 172.22.80.28:4001', '2018-12-05 02:00:00', 1),
(175, 1, 'java -jar D:\\1_SVETILNIK_NEED\\Java\\Counters\\qBoxSimulator-0.0.1.jar -format=json -number=1 -type=1 -unitQ=1 172.22.80.28:4001', '2018-12-05 03:00:00', 1),
(176, 1, 'java -jar D:\\1_SVETILNIK_NEED\\Java\\Counters\\qBoxSimulator-0.0.1.jar -format=json -number=1 -type=1 -unitQ=1 172.22.80.28:4001', '2018-12-05 04:00:00', 1),
(177, 1, 'java -jar D:\\1_SVETILNIK_NEED\\Java\\Counters\\qBoxSimulator-0.0.1.jar -format=json -number=1 -type=1 -unitQ=1 172.22.80.28:4001', '2018-12-05 08:00:00', 1),
(178, 1, 'java -jar D:\\1_SVETILNIK_NEED\\Java\\Counters\\qBoxSimulator-0.0.1.jar -format=json -number=1 -type=1 -unitQ=1 172.22.80.28:4001', '2018-12-05 09:00:00', 1);

-- --------------------------------------------------------

--
-- Структура таблицы `tblStreet`
--

CREATE TABLE IF NOT EXISTS `tblStreet` (
`idStreet` int(11) NOT NULL,
  `nameStreet` varchar(255) NOT NULL
) ENGINE=InnoDB AUTO_INCREMENT=4 DEFAULT CHARSET=utf8;

--
-- Дамп данных таблицы `tblStreet`
--

INSERT INTO `tblStreet` (`idStreet`, `nameStreet`) VALUES
(1, 'Янки Купалы'),
(2, 'Якуба Колоса'),
(3, 'Франциска Скорины');

-- --------------------------------------------------------

--
-- Структура таблицы `tblUserRole`
--

CREATE TABLE IF NOT EXISTS `tblUserRole` (
`idUserRole` int(11) NOT NULL,
  `idUser` int(11) NOT NULL,
  `idRole` int(11) NOT NULL
) ENGINE=InnoDB AUTO_INCREMENT=38 DEFAULT CHARSET=utf8;

--
-- Дамп данных таблицы `tblUserRole`
--

INSERT INTO `tblUserRole` (`idUserRole`, `idUser`, `idRole`) VALUES
(3, 2, 3),
(4, 13, 4),
(10, 5, 6),
(11, 6, 6),
(12, 7, 6),
(13, 8, 5),
(14, 8, 6),
(15, 9, 6),
(16, 10, 6),
(17, 12, 5),
(18, 14, 2),
(19, 15, 6),
(22, 1, 1),
(28, 1, 7),
(29, 1, 8),
(30, 1, 9),
(31, 1, 10),
(32, 16, 4),
(33, 16, 1),
(37, 6, 1);

-- --------------------------------------------------------

--
-- Структура таблицы `typeDevice`
--

CREATE TABLE IF NOT EXISTS `typeDevice` (
`id` int(11) NOT NULL,
  `name` varchar(100) NOT NULL,
  `typeInt` int(11) NOT NULL
) ENGINE=InnoDB AUTO_INCREMENT=7 DEFAULT CHARSET=utf8 AVG_ROW_LENGTH=4096 ROW_FORMAT=DYNAMIC;

--
-- Дамп данных таблицы `typeDevice`
--

INSERT INTO `typeDevice` (`id`, `name`, `typeInt`) VALUES
(1, 'СКМ-2 теплосчётчик', 0),
(2, 'SKU-02-B теплосчётчик', 1),
(3, 'ТЭМ-104 теплосчётчик', 2),
(4, 'ТЭМ-05 (старая версия)', 3),
(6, 'SKU-02 (старая версия)', 4);

-- --------------------------------------------------------

--
-- Структура таблицы `unitQ`
--

CREATE TABLE IF NOT EXISTS `unitQ` (
`id` int(11) NOT NULL,
  `name` varchar(20) NOT NULL
) ENGINE=InnoDB AUTO_INCREMENT=6 DEFAULT CHARSET=utf8 AVG_ROW_LENGTH=66 ROW_FORMAT=DYNAMIC;

--
-- Дамп данных таблицы `unitQ`
--

INSERT INTO `unitQ` (`id`, `name`) VALUES
(1, 'ГКал'),
(2, 'ГДж'),
(3, 'КВт'),
(4, 'МВт');

-- --------------------------------------------------------

--
-- Структура таблицы `user`
--

CREATE TABLE IF NOT EXISTS `user` (
`id` int(11) NOT NULL,
  `username` varchar(255) COLLATE utf8_unicode_ci NOT NULL,
  `surname` varchar(255) COLLATE utf8_unicode_ci NOT NULL,
  `name` varchar(255) COLLATE utf8_unicode_ci NOT NULL,
  `nameSur` varchar(255) COLLATE utf8_unicode_ci NOT NULL,
  `auth_key` varchar(32) COLLATE utf8_unicode_ci NOT NULL,
  `password_hash` varchar(255) COLLATE utf8_unicode_ci NOT NULL,
  `password_reset_token` varchar(255) COLLATE utf8_unicode_ci DEFAULT NULL,
  `email` varchar(255) COLLATE utf8_unicode_ci DEFAULT 'alexei@pst.vitebsk.energo.net',
  `status` smallint(6) NOT NULL DEFAULT '10',
  `created_at` int(11) NOT NULL,
  `updated_at` int(11) NOT NULL,
  `department` int(11) NOT NULL
) ENGINE=InnoDB AUTO_INCREMENT=17 DEFAULT CHARSET=utf8 COLLATE=utf8_unicode_ci;

--
-- Дамп данных таблицы `user`
--

INSERT INTO `user` (`id`, `username`, `surname`, `name`, `nameSur`, `auth_key`, `password_hash`, `password_reset_token`, `email`, `status`, `created_at`, `updated_at`, `department`) VALUES
(1, 'admin', 'Стежкина', 'Светлана', 'Викторовна', 'Переделать', '$2y$13$EGU4UAcCJImC1mP6ROgdLOVp6PGVV1k5tDUe2oE/OZWNRrkB9oq1C', NULL, 'svetilnik@pst.vitebsk.energo.net12', 10, 1485861979, 1543905463, 80),
(2, 'director', 'Иванов', 'Николай', 'Петрович', 'Переделать', '$2y$13$Jgra1kzWeFM48tymnmUWG.w5Hs7sOuHVeJndBvqAXDBzrFphN0sDy', NULL, 'director@pst.vitebsk.energo.net', 10, 1485861588, 1543905542, 101),
(5, 'etl', 'Мишуто', 'Сергей', 'Владимирович', 'H3p-Lc7TT7yMuUrJRiTjo53U1snUoiCS', '$2y$13$.eMQsjAL20CogKioMVmLyOTbZYZx0YwyCyDgDaXEy9/9X.Mo6WUTy', NULL, 'etl@pst.vitebsk.energo.net', 10, 1487680274, 1543905555, 90),
(6, 'tai', 'Потапов', 'Алексей', 'Владимирович', 'Переделать', '$2y$13$3JIKIQsz.gidO1S2nlwR6.kqRrIgJU6FTvMmRHqku6U9GZLKwFNDS', NULL, 'tai@pst.vitebsk.energo.net', 10, 1487680286, 1543905567, 80),
(7, 'him', 'Руфеев', 'Владимир', 'Александрович', 'X7mHugII3rTGIbJ9yiT2W4s84rFY8a-J', '$2y$13$PkQOxWSzfkcYBUPoJ4ek5.sS45VsgbUjjl7pHplE8QVplpX85cYs2', NULL, 'him@pst.vitebsk.energo.net', 10, 1487680299, 1543905576, 70),
(8, 'kst', 'Коршун', 'Александ ', 'Владимирович', 'UNzUmkpQvYDqD2GFLMS90sRSYoBJdxNu', '$2y$13$8wVqT4nmTG2p/UNt0pAVy.UShc8NFaefK9DnsWwx25fpVMbPRa2nq', NULL, 'alexei@pst.vitebsk.energo.net', 10, 1487680310, 1543905584, 40),
(9, 'rts', 'Королёв', 'Сергей', 'Валентинович', 'EOsnqJhQSkKwfm9ypaJTck-Lflk2JFvK', '$2y$13$g6kX9Lj1rufCszMnRVfVUu9zhuZVVX5ByjUMDluySbXjCx6.tOMuC', NULL, 'rts@pst.vitebsk.energo.net', 10, 1487680320, 1543905593, 60),
(10, 'rsu', 'Давгяло', 'Андрей', 'Марьянович', 'Ah82hB5vtZ-WS5Szbv4TWDqZw79jcoI2', '$2y$13$pJxpaRvF9XWMkwV9I7S4p.f8BkevS0Fom0lDe3D/PJ2J2SyMvDDia', NULL, 'rsu@pst.vitebsk.energo.net', 10, 1487680341, 1543905646, 50),
(11, 'ktc', 'Стежкин', 'Дмитрий', 'Алексеевич', 'qm_OUOfk7SeWrOyoib-kBYMyBDAabjbP', '$2y$13$yN5DuAgadyohy9galvnq9.TR/Q3UsviYZL3ysrLf3JdUSlSqp6Gem', NULL, 'ktc@pst.vitebsk.energo.net', 10, 1487680351, 1543905657, 30),
(12, 'nss', 'Фролов', 'Василий', 'Кузьмич', '2fMbwn91q1LGdHY6OBDTUA7963MImWGJ', '$2y$13$8HYhbk9T8XNAzBwJppKhTOmdqLn5M4pnz4RWzXHc4guTWhA/NozZS', NULL, 'nss@pst.vitebsk.energo.net', 10, 1487680366, 1543905669, 101),
(13, 'glingener', 'Андреев', 'Александр', 'Петрович', 'HkNaVwWUDuyniBRQbAMPGJdCqFrl6mon', '$2y$13$1etljPkBGCKvbNN7YFSvmu/gjbvUbXLOKweEudv84cVmcAaVAYA92', NULL, 'glingener@pst.vitebsk.energo.net', 10, 1487680393, 1543905678, 101),
(14, 'tb', 'Бурковская', 'Ирина', 'Павловна', 'Переделать', '$2y$13$Kw4ByMICc4kUVaFMtOWKfOLwWkM6uMR.m6EIZxjJHS/yOnFOXrvLK', NULL, 'tb@pst.vitebsk.energo.net', 10, 1489388014, 1543905631, 101),
(15, 'etl_t', 'Гузова', 'Наталья', 'Ивановна', 'H3p-Lc7TT7yMuUrJRiTjo53U1snUoiCS', '$2y$13$.eMQsjAL20CogKioMVmLyOTbZYZx0YwyCyDgDaXEy9/9X.Mo6WUTy', NULL, 'etl1@pst.vitebsk.energo.net', 10, 1487680274, 1543905615, 90),
(16, 'sys', 'Петров', 'Николай', 'Николаевич', 'Переделать', '$2y$13$hhb1MAsu301bdBbB15.i..4gOTqWfmb5DVf5vYOkCiI1kE3J6rciq', NULL, 'asdfas', 10, 1526470487, 1543905605, 80);

--
-- Индексы сохранённых таблиц
--

--
-- Индексы таблицы `device`
--
ALTER TABLE `device`
 ADD PRIMARY KEY (`id`), ADD KEY `unitQ_id` (`unitQ_id`), ADD KEY `typeInt` (`typeId`), ADD KEY `typeId` (`typeId`), ADD KEY `idObject` (`idObject`);

--
-- Индексы таблицы `qBox_data_common`
--
ALTER TABLE `qBox_data_common`
 ADD PRIMARY KEY (`id`), ADD KEY `shedule_history_id` (`shedule_history_id`);

--
-- Индексы таблицы `qBox_data_system`
--
ALTER TABLE `qBox_data_system`
 ADD PRIMARY KEY (`id`), ADD KEY `fk_qBox_system_to_data` (`qBox_data_common_id`);

--
-- Индексы таблицы `tblCity`
--
ALTER TABLE `tblCity`
 ADD PRIMARY KEY (`idCity`);

--
-- Индексы таблицы `tblContract`
--
ALTER TABLE `tblContract`
 ADD PRIMARY KEY (`idContract`), ADD KEY `idDevice` (`idDevice`);

--
-- Индексы таблицы `tblDepartment`
--
ALTER TABLE `tblDepartment`
 ADD PRIMARY KEY (`idDepartment`);

--
-- Индексы таблицы `tblObject`
--
ALTER TABLE `tblObject`
 ADD PRIMARY KEY (`idObject`), ADD KEY `idCity` (`idCity`), ADD KEY `idStreet` (`idStreet`);

--
-- Индексы таблицы `tblOrganization`
--
ALTER TABLE `tblOrganization`
 ADD PRIMARY KEY (`idOrganization`), ADD KEY `idObject` (`idObject`);

--
-- Индексы таблицы `tblOrganizationUser`
--
ALTER TABLE `tblOrganizationUser`
 ADD PRIMARY KEY (`id`), ADD KEY `idUser` (`idUser`), ADD KEY `idOrganization` (`idOrganization`);

--
-- Индексы таблицы `tblRightsItems`
--
ALTER TABLE `tblRightsItems`
 ADD PRIMARY KEY (`idRightItem`), ADD UNIQUE KEY `rightItem` (`rightItem`);

--
-- Индексы таблицы `tblRoleRights`
--
ALTER TABLE `tblRoleRights`
 ADD PRIMARY KEY (`idRoleRights`), ADD KEY `FKsye57lsc39s04110n3colpfke` (`idRightsItem`), ADD KEY `FKaylr75pmb82l7jw3cgw5musfj` (`idRole`);

--
-- Индексы таблицы `tblRoles`
--
ALTER TABLE `tblRoles`
 ADD PRIMARY KEY (`idRole`);

--
-- Индексы таблицы `tblSheduleHistory`
--
ALTER TABLE `tblSheduleHistory`
 ADD PRIMARY KEY (`id`), ADD KEY `deviceId` (`deviceId`,`timeToExecute`);

--
-- Индексы таблицы `tblStreet`
--
ALTER TABLE `tblStreet`
 ADD PRIMARY KEY (`idStreet`);

--
-- Индексы таблицы `tblUserRole`
--
ALTER TABLE `tblUserRole`
 ADD PRIMARY KEY (`idUserRole`), ADD KEY `FKglmau4338e0dxl03c8xfqxhx` (`idUser`);

--
-- Индексы таблицы `typeDevice`
--
ALTER TABLE `typeDevice`
 ADD PRIMARY KEY (`id`);

--
-- Индексы таблицы `unitQ`
--
ALTER TABLE `unitQ`
 ADD PRIMARY KEY (`id`);

--
-- Индексы таблицы `user`
--
ALTER TABLE `user`
 ADD PRIMARY KEY (`id`), ADD KEY `FKmigkligawmvbp7s89qybn6aih` (`department`);

--
-- AUTO_INCREMENT для сохранённых таблиц
--

--
-- AUTO_INCREMENT для таблицы `device`
--
ALTER TABLE `device`
MODIFY `id` int(11) NOT NULL AUTO_INCREMENT,AUTO_INCREMENT=3;
--
-- AUTO_INCREMENT для таблицы `qBox_data_common`
--
ALTER TABLE `qBox_data_common`
MODIFY `id` int(11) NOT NULL AUTO_INCREMENT,AUTO_INCREMENT=83;
--
-- AUTO_INCREMENT для таблицы `qBox_data_system`
--
ALTER TABLE `qBox_data_system`
MODIFY `id` int(11) NOT NULL AUTO_INCREMENT,AUTO_INCREMENT=165;
--
-- AUTO_INCREMENT для таблицы `tblCity`
--
ALTER TABLE `tblCity`
MODIFY `idCity` int(11) NOT NULL AUTO_INCREMENT,AUTO_INCREMENT=4;
--
-- AUTO_INCREMENT для таблицы `tblContract`
--
ALTER TABLE `tblContract`
MODIFY `idContract` int(11) NOT NULL AUTO_INCREMENT;
--
-- AUTO_INCREMENT для таблицы `tblDepartment`
--
ALTER TABLE `tblDepartment`
MODIFY `idDepartment` int(11) NOT NULL AUTO_INCREMENT,AUTO_INCREMENT=102;
--
-- AUTO_INCREMENT для таблицы `tblObject`
--
ALTER TABLE `tblObject`
MODIFY `idObject` int(11) NOT NULL AUTO_INCREMENT,AUTO_INCREMENT=4;
--
-- AUTO_INCREMENT для таблицы `tblOrganization`
--
ALTER TABLE `tblOrganization`
MODIFY `idOrganization` int(11) NOT NULL AUTO_INCREMENT;
--
-- AUTO_INCREMENT для таблицы `tblOrganizationUser`
--
ALTER TABLE `tblOrganizationUser`
MODIFY `id` int(11) NOT NULL AUTO_INCREMENT;
--
-- AUTO_INCREMENT для таблицы `tblRightsItems`
--
ALTER TABLE `tblRightsItems`
MODIFY `idRightItem` int(11) NOT NULL AUTO_INCREMENT,AUTO_INCREMENT=13;
--
-- AUTO_INCREMENT для таблицы `tblRoleRights`
--
ALTER TABLE `tblRoleRights`
MODIFY `idRoleRights` int(11) NOT NULL AUTO_INCREMENT,AUTO_INCREMENT=24;
--
-- AUTO_INCREMENT для таблицы `tblRoles`
--
ALTER TABLE `tblRoles`
MODIFY `idRole` int(11) NOT NULL AUTO_INCREMENT,AUTO_INCREMENT=7;
--
-- AUTO_INCREMENT для таблицы `tblSheduleHistory`
--
ALTER TABLE `tblSheduleHistory`
MODIFY `id` int(11) NOT NULL AUTO_INCREMENT,AUTO_INCREMENT=179;
--
-- AUTO_INCREMENT для таблицы `tblStreet`
--
ALTER TABLE `tblStreet`
MODIFY `idStreet` int(11) NOT NULL AUTO_INCREMENT,AUTO_INCREMENT=4;
--
-- AUTO_INCREMENT для таблицы `tblUserRole`
--
ALTER TABLE `tblUserRole`
MODIFY `idUserRole` int(11) NOT NULL AUTO_INCREMENT,AUTO_INCREMENT=38;
--
-- AUTO_INCREMENT для таблицы `typeDevice`
--
ALTER TABLE `typeDevice`
MODIFY `id` int(11) NOT NULL AUTO_INCREMENT,AUTO_INCREMENT=7;
--
-- AUTO_INCREMENT для таблицы `unitQ`
--
ALTER TABLE `unitQ`
MODIFY `id` int(11) NOT NULL AUTO_INCREMENT,AUTO_INCREMENT=6;
--
-- AUTO_INCREMENT для таблицы `user`
--
ALTER TABLE `user`
MODIFY `id` int(11) NOT NULL AUTO_INCREMENT,AUTO_INCREMENT=17;
--
-- Ограничения внешнего ключа сохраненных таблиц
--

--
-- Ограничения внешнего ключа таблицы `device`
--
ALTER TABLE `device`
ADD CONSTRAINT `device_ibfk_3` FOREIGN KEY (`unitQ_id`) REFERENCES `unitQ` (`id`),
ADD CONSTRAINT `device_ibfk_4` FOREIGN KEY (`typeId`) REFERENCES `typeDevice` (`id`);

--
-- Ограничения внешнего ключа таблицы `qBox_data_common`
--
ALTER TABLE `qBox_data_common`
ADD CONSTRAINT `qBox_data_common_ibfk_1` FOREIGN KEY (`shedule_history_id`) REFERENCES `tblSheduleHistory` (`id`) ON DELETE CASCADE ON UPDATE CASCADE;

--
-- Ограничения внешнего ключа таблицы `qBox_data_system`
--
ALTER TABLE `qBox_data_system`
ADD CONSTRAINT `qBox_data_system_ibfk_1` FOREIGN KEY (`qBox_data_common_id`) REFERENCES `qBox_data_common` (`id`) ON DELETE CASCADE ON UPDATE CASCADE;

--
-- Ограничения внешнего ключа таблицы `tblObject`
--
ALTER TABLE `tblObject`
ADD CONSTRAINT `tblObject_ibfk_1` FOREIGN KEY (`idCity`) REFERENCES `tblCity` (`idCity`),
ADD CONSTRAINT `tblObject_ibfk_2` FOREIGN KEY (`idStreet`) REFERENCES `tblStreet` (`idStreet`);

--
-- Ограничения внешнего ключа таблицы `tblOrganization`
--
ALTER TABLE `tblOrganization`
ADD CONSTRAINT `tblOrganization_ibfk_1` FOREIGN KEY (`idObject`) REFERENCES `tblObject` (`idObject`);

--
-- Ограничения внешнего ключа таблицы `tblOrganizationUser`
--
ALTER TABLE `tblOrganizationUser`
ADD CONSTRAINT `tblOrganizationUser_ibfk_2` FOREIGN KEY (`idOrganization`) REFERENCES `tblOrganization` (`idOrganization`),
ADD CONSTRAINT `tblOrganizationUser_ibfk_1` FOREIGN KEY (`idUser`) REFERENCES `user` (`id`);

--
-- Ограничения внешнего ключа таблицы `tblRoleRights`
--
ALTER TABLE `tblRoleRights`
ADD CONSTRAINT `FKaylr75pmb82l7jw3cgw5musfj` FOREIGN KEY (`idRole`) REFERENCES `tblRoles` (`idRole`),
ADD CONSTRAINT `FKsye57lsc39s04110n3colpfke` FOREIGN KEY (`idRightsItem`) REFERENCES `tblRightsItems` (`idRightItem`);

--
-- Ограничения внешнего ключа таблицы `tblSheduleHistory`
--
ALTER TABLE `tblSheduleHistory`
ADD CONSTRAINT `tblSheduleHistory_ibfk_1` FOREIGN KEY (`deviceId`) REFERENCES `device` (`id`) ON DELETE CASCADE ON UPDATE CASCADE;

--
-- Ограничения внешнего ключа таблицы `tblUserRole`
--
ALTER TABLE `tblUserRole`
ADD CONSTRAINT `FKglmau4338e0dxl03c8xfqxhx` FOREIGN KEY (`idUser`) REFERENCES `user` (`id`);

--
-- Ограничения внешнего ключа таблицы `user`
--
ALTER TABLE `user`
ADD CONSTRAINT `FKmigkligawmvbp7s89qybn6aih` FOREIGN KEY (`department`) REFERENCES `tblDepartment` (`idDepartment`);

/*!40101 SET CHARACTER_SET_CLIENT=@OLD_CHARACTER_SET_CLIENT */;
/*!40101 SET CHARACTER_SET_RESULTS=@OLD_CHARACTER_SET_RESULTS */;
/*!40101 SET COLLATION_CONNECTION=@OLD_COLLATION_CONNECTION */;
